Year,Mon,day,Origin-Time - hr - (UTC),Origin-Time - min - (UTC),Origin-Time - sec - (UTC),Latitude - °N,Longitude - °E,Depth - (Km),Magnitude - (Richter scale)
2015,1,1,17,16,34.4,35.94,70.17,10,3.9
2015,1,2,7,23,33,24.09,94.08,84,3.8
2015,1,2,23,23,14.8,22.31,96.34,10,3.5
2015,1,3,12,46,41,36.44,71.63,185,4.9
2015,1,5,9,20,16.7,24.13,93.94,79,3.6
2015,1,5,19,41,42.5,28.87,81.65,10,4
2015,1,5,23,25,32,33.1,92.97,10,4.8
2015,1,6,20,21,46.5,36.26,70.65,100,4.3
2015,1,7,4,8,25,36.75,70.5,200,4.3
2015,1,8,14,12,39.5,30.27,69.59,33,3.8
2015,1,8,16,29,23.2,36.66,71.06,100,4
2015,1,9,4,8,56.5,36.74,70.04,300,4.1
2015,1,10,13,6,44.7,11.77,93.45,150,5.3
2015,1,11,20,5,55.4,35.99,70.05,150,4.3
2015,1,11,20,55,33.5,36.2,70.79,111,4.7
2015,1,11,22,56,13.1,36.81,75.3,10,3.3
2015,1,13,6,33,53.9,24.67,94.27,76,3.3
2015,1,14,21,29,4.4,37.77,72.39,100,4.2
2015,1,15,1,33,1,22.62,92.52,10,4.6
2015,1,17,5,25,4,35.89,70.29,10,4.5
2015,1,17,23,30,15.1,36.32,69.54,139,4.7
2015,1,18,13,9,32.5,25.39,96.99,10,4
2015,1,18,22,23,59.5,27.99,93.9,10,3.1
2015,1,20,18,43,52,36.3,70.77,10,4.2
2015,1,20,21,41,33,31.89,71.69,10,3.4
2015,1,22,3,42,36.4,29.2,80.95,10,4.1
2015,1,22,7,43,14.8,12.91,92.94,30,4.1
2015,1,23,0,29,42.2,12.87,92.8,10,4.1
2015,1,23,4,49,7,29.71,80.44,18,3.1
2015,1,24,16,11,41.5,25.09,95,124,4.9
2015,1,24,17,19,10.6,35.66,69.75,10,3.9
2015,1,26,18,29,24.2,12.52,92.68,10,4.4
2015,1,27,12,41,31.5,22.94,95.85,10,3.8
2015,1,28,17,4,18,33.21,75.33,5,3.5
2015,1,29,15,52,40.9,33.15,85.69,10,3.2
2015,1,30,1,49,55.4,37.47,71.38,33,4.2
2015,1,30,6,37,41.5,12.85,95.26,10,3.6
2015,1,31,9,35,16,35.94,70.43,10,4.6
2015,1,31,13,59,43.9,28.25,84.1,10,4.1
2015,1,31,21,55,21.2,32.67,73.54,10,3.6
2015,2,1,13,33,1,24.99,96.94,21,4.2
2015,2,1,16,0,49.2,26.52,93.29,35,4.2
2015,2,1,16,54,43.2,36.4,70.65,194,4.7
2015,2,2,23,51,30.2,36.67,72.26,60,4.2
2015,2,3,9,28,4.4,26.24,90.83,11,3.8
2015,2,4,10,44,17.2,32.97,83.46,10,5.1
2015,2,4,19,52,56.2,33,84.24,10,3.4
2015,2,5,0,47,3,34.38,73.66,41,4
2015,2,5,10,36,53.7,36.44,71.11,250,3.8
2015,2,6,13,13,9.3,26.87,91.97,16,3.4
2015,2,6,22,39,27.1,25.46,94.5,82,3.6
2015,2,7,1,42,53.5,36.6,70.15,200,4.4
2015,2,7,2,41,45.2,36,70.29,190,4.2
2015,2,7,6,27,18.2,33.24,83.35,10,4.4
2015,2,7,13,40,39,36.55,70.27,80,3.9
2015,2,7,17,25,48.7,37.38,72.38,115,4.5
2015,2,7,23,35,54,36.83,72.54,33,4.4
2015,2,9,14,13,0.1,9.8,93.22,18,4.6
2015,2,10,12,34,15.3,37.34,71.89,252,4.2
2015,2,10,23,16,28.7,37.6,72.31,204,4.2
2015,2,11,3,30,12,13.23,92.22,9,5.3
2015,2,11,20,14,58.5,35.89,72.74,266,3.6
2015,2,12,8,19,34.2,34.74,74.97,15,3.6
2015,2,12,14,33,8.3,24.1,93.83,60,4.7
2015,2,12,15,33,52.4,24.15,93.88,38,3.6
2015,2,13,22,21,48.2,31.51,81.07,31,3.6
2015,2,14,0,44,29.2,31.47,81.17,19,3.9
2015,2,14,9,18,15.1,37.51,71.93,100,4.3
2015,2,14,17,6,44.2,27.42,86.88,17,3.7
2015,2,14,18,16,43,36.16,71.3,100,5.2
2015,2,15,14,14,12.3,35.07,76.04,72,4.5
2015,2,15,14,46,9,36.74,76.79,15,4
2015,2,15,20,51,51,11.28,91.74,41,3
2015,2,18,4,7,48.9,24.13,93.8,77,3.5
2015,2,18,13,49,30.2,37.96,73.55,90,4.5
2015,2,19,9,18,15.6,26.74,96.93,15,3.7
2015,2,21,15,55,35.5,25.71,94.21,97,3.9
2015,2,23,6,32,3.4,10.84,91.69,10,4.2
2015,2,23,6,36,32.7,26.09,95.23,114,4.2
2015,2,23,8,17,46.9,23.67,90.91,31,3.6
2015,2,24,12,54,41.4,25.66,91.5,18,3.6
2015,2,25,0,39,13.6,15.69,80.24,8,4
2015,2,26,13,58,7.3,36.72,71.02,150,5
2015,2,26,21,59,0.4,34.99,72.83,29,5.3
2015,2,27,14,54,22.2,36.43,69.86,80,4.3
2015,3,2,16,1,27,35.84,70.99,143,4.8
2015,3,2,20,51,54.7,36.03,77.67,28,4.4
2015,3,3,20,58,36,36.68,70.6,200,3.9
2015,3,4,6,0,49.5,36.01,69.15,100,4.1
2015,3,5,21,27,24.2,36.66,70.93,176,5.1
2015,3,8,5,45,20.7,22.79,95.82,10,3.5
2015,3,10,17,49,37.2,29.83,70.02,10,3.9
2015,3,11,19,14,33.7,36.54,71,159,4.5
2015,3,12,0,20,14.6,33.81,69.2,33,3.9
2015,3,12,13,24,8.8,32.63,73.5,10,3.1
2015,3,12,21,55,42.4,36.1,69.81,150,3.9
2015,3,13,4,17,20.2,9.7,92.04,115,3.7
2015,3,14,19,42,14.3,36.26,70.19,150,4.2
2015,3,14,20,37,26,23.97,93.88,23,3.8
2015,3,15,20,21,3.2,36.85,71.55,272,4.6
2015,3,17,15,28,40.7,24.48,94.93,100,4.1
2015,3,19,2,15,0.6,37.4,75.92,33,4
2015,3,19,3,43,14.8,29.32,92.16,10,3.3
2015,3,19,3,37,8.1,15.54,80.27,15,3.4
2015,3,19,9,41,57.2,24.02,72.72,10,3.6
2015,3,20,8,24,24.2,33.37,68.78,15,4.4
2015,3,21,17,44,31.7,36.74,71.42,66,4.9
2015,3,21,23,14,16.7,36.11,70.52,120,4.2
2015,3,22,10,20,19,25.61,92.67,40,3.8
2015,3,22,12,6,44.7,22.73,92.69,10,3.5
2015,3,23,11,53,27.6,29,77.64,10,3.4
2015,3,24,0,10,52.7,36.63,70.87,268,4.5
2015,3,24,20,45,46.7,29.74,69.55,10,4.2
2015,3,25,6,41,24.2,36.78,70.99,79,4.7
2015,3,25,10,13,10.1,13.44,91.83,29,4.6
2015,3,26,3,20,39,7.43,91.87,10,4.4
2015,3,26,4,43,18.7,31.2,69.92,10,3.6
2015,3,26,13,35,5.5,32.15,68.93,10,3.9
2015,3,27,2,0,46.4,36.47,71.34,299,4.4
2015,3,27,18,51,40.7,9.56,93.9,52,4.9
2015,4,1,9,43,35.2,25.87,90.6,10,4
2015,4,1,21,23,54.2,30.27,79.49,5,4.9
2015,4,2,0,56,40.7,28.71,86.43,35,4.8
2015,4,3,12,23,58.9,23.79,94.54,28,4.1
2015,4,3,12,45,23.2,10.79,93.78,100,4.8
2015,4,3,21,42,42.2,38,74.07,73,4.4
2015,4,5,0,21,56.4,37.22,71.74,130,4.4
2015,4,7,4,41,51,33.1,83.52,10,4.4
2015,4,7,17,7,18.7,36.69,70.83,100,4.5
2015,4,7,22,37,16.7,35.82,70.64,100,4.5
2015,4,8,1,43,49.7,21.83,89.6,30,4.5
2015,4,9,2,14,18.7,37.16,71.56,100,4.5
2015,4,9,11,19,57.2,26.66,92.8,38,3.5
2015,4,9,12,58,29.6,25.67,91.52,5,3.4
2015,4,9,14,12,47.2,37.02,71.55,165,4.8
2015,4,9,22,49,41.2,14.09,92.8,15,5
2015,4,10,6,21,56.7,36.72,71.61,150,4.4
2015,4,10,9,19,54.4,33.86,80.87,282,3.8
2015,4,10,15,47,54.7,36.55,71.68,66,4.2
2015,4,10,18,49,43.5,36.13,70.63,236,4.5
2015,4,12,19,13,18.7,36.65,71.32,200,4.4
2015,4,12,23,39,35.7,24.03,93.85,90,3.8
2015,4,13,4,27,23.1,37.07,71.71,66,4.2
2015,4,13,5,55,11.6,14.17,93.85,28,4.2
2015,4,13,9,27,3.5,35.61,70.39,136,5.2
2015,4,15,4,49,48.9,28.15,95.71,26,4.5
2015,4,15,17,56,59.4,24.58,96.25,10,3.8
2015,4,15,20,49,34,36.52,70.75,50,4.2
2015,4,16,22,5,48.2,26.91,92.65,8,4.8
2015,4,17,0,13,0.6,36.78,69.99,200,4
2015,4,17,0,20,14.5,26.33,92.4,24,3.8
2015,4,18,9,48,7.3,26.45,92.64,39,3.4
2015,4,18,17,22,19.2,10.13,92.39,100,4
2015,4,20,22,48,12.1,26.67,92.51,10,3.8
2015,4,21,0,17,27.7,14.16,92.92,10,5.1
2015,4,21,14,2,17.6,28.76,82.41,5,4.7
2015,4,21,14,32,34,28.63,81.88,5,3.4
2015,4,21,23,7,5.5,37.53,71.65,100,3.9
2015,4,22,1,29,11.3,28.85,82.39,10,3.9
2015,4,23,20,26,40,27.35,88.14,10,4
2015,4,23,23,58,21.6,12.17,94.57,30,5.1
2015,4,24,5,39,15,36.16,70.54,200,4.1
2015,4,24,6,20,46.9,36.38,68.3,100,4.4
2015,4,25,6,11,27.6,28.11,84.58,10,7.1
2015,4,25,6,45,24.2,28,84.81,5,6.5
2015,4,25,6,37,57.5,27.89,85.64,10,4.8
2015,4,25,6,56,36.4,28.16,85.9,10,5.4
2015,4,25,7,8,2.9,28.08,86.04,10,4.6
2015,4,25,7,39,35.5,27.45,85.57,5,4.3
2015,4,25,7,47,3.7,27.74,85.53,10,4.8
2015,4,25,8,5,39.7,27.61,85.72,10,4.6
2015,4,25,8,16,59.7,27.52,85.68,10,4.8
2015,4,25,8,20,46,26.64,84.61,10,4.7
2015,4,25,8,29,25.7,27.81,84.65,5,4.7
2015,4,25,8,49,10.3,27.62,85.02,5,4.3
2015,4,25,8,55,56.9,27.43,85.44,5,5.5
2015,4,25,9,17,3.4,28.4,87.19,8,5.4
2015,4,25,9,30,31.5,27.81,85.48,10,4.8
2015,4,25,9,43,3,27.97,85,10,4
2015,4,25,10,10,35.5,27.9,84.55,10,4
2015,4,25,10,23,19.6,27.52,85.67,10,4
2015,4,25,10,40,36.5,27.44,85.82,5,4.3
2015,4,25,10,53,45.5,27.66,85.82,10,4.2
2015,4,25,11,5,3.5,27.74,85.43,10,4
2015,4,25,12,1,12.8,27.79,85.75,5,4.1
2015,4,25,12,12,16.7,27.51,85.79,9,4.1
2015,4,25,12,17,57.5,27.37,85.26,10,4.4
2015,4,25,12,44,7.4,27.91,84.62,10,5.2
2015,4,25,13,30,30.7,27.85,85.07,10,4.5
2015,4,25,13,36,15.3,27.19,85.8,10,4.5
2015,4,25,14,10,5,27.47,85.77,10,4.2
2015,4,25,15,17,17.1,27.52,85.36,10,4
2015,4,25,16,27,24.1,27.83,85.57,10,4.6
2015,4,25,17,42,54,28.2,85.85,10,5.1
2015,4,25,18,58,35.7,27.55,85.35,10,4.1
2015,4,25,20,7,4.9,28.03,84.56,10,4.3
2015,4,25,20,32,49.9,27.58,85.9,10,4.2
2015,4,25,21,7,20.2,27.75,85.79,10,4.5
2015,4,25,23,16,16.7,27.78,84.93,10,5.2
2015,4,25,23,41,55.5,27.51,85.94,10,4.4
2015,4,26,2,48,40.7,28,84.52,10,4.2
2015,4,26,3,21,39.7,27.48,85.47,10,4.3
2015,4,26,4,58,41,27.94,84.82,10,4.1
2015,4,26,4,50,30.5,27.94,85.35,5,3.9
2015,4,26,4,58,41.2,27.99,84.84,5,4.3
2015,4,26,7,9,10.5,27.68,85.9,10,6.7
2015,4,26,7,26,6,27.59,85.83,10,4.8
2015,4,26,7,36,29.2,27.61,85.94,10,4.5
2015,4,26,7,50,28.2,27.73,85.97,10,3.9
2015,4,26,8,10,37.5,27.85,85.65,10,4.1
2015,4,26,8,40,58.2,27.69,85.93,10,4.6
2015,4,26,8,46,16.6,27.08,85.38,10,4.3
2015,4,26,9,14,30.1,35.88,68.04,100,4.4
2015,4,26,9,42,8.3,27.65,85.78,10,4.2
2015,4,26,13,11,16.7,27.73,85.51,10,4.2
2015,4,26,14,44,54.2,28.44,86.29,10,4.3
2015,4,26,14,57,4.5,28.08,84.73,10,4
2015,4,26,15,56,54.2,26.36,92.83,39,3.5
2015,4,26,16,26,7.5,27.63,85.74,10,5.4
2015,4,26,17,38,46.7,27.9,85.25,10,3.6
2015,4,26,18,6,36,27.77,85.48,10,3.2
2015,4,26,18,54,52,28.03,84.97,10,4.1
2015,4,26,20,39,21.7,27.88,85.79,10,4.1
2015,4,26,21,52,26.1,27.69,85.09,10,3.6
2015,4,26,22,32,36,27.52,85.66,10,4.1
2015,4,27,0,1,49.4,27.48,85.85,10,3.7
2015,4,27,0,39,15.5,27.09,84.69,10,3.8
2015,4,27,1,15,52.2,27.66,85.92,7,3.9
2015,4,27,4,14,46.9,28.12,85.14,10,4.1
2015,4,27,6,0,1.7,27.67,85.98,10,4
2015,4,27,12,35,51.4,26.84,88.1,10,5.2
2015,4,27,13,17,48.2,27.91,84.79,10,4.1
2015,4,27,14,42,39.5,27.63,85.67,10,4.2
2015,4,27,14,57,2.4,27.67,85.99,10,4
2015,4,27,15,51,46.7,27.52,85.17,10,4
2015,4,27,18,59,56,27.82,84.72,10,4.4
2015,4,27,20,21,58.2,31.64,83.88,10,3.3
2015,4,27,21,27,42.7,27.74,85.64,10,4
2015,4,27,22,26,8.3,27.9,84.53,10,4
2015,4,27,23,20,30.2,27.91,85.37,10,4.3
2015,4,28,5,3,25.1,37.17,71.79,175,5.2
2015,4,28,19,34,59.9,27.56,85.8,10,4
2015,4,28,21,44,26,27.63,85.68,10,3.7
2015,4,28,21,57,49.5,27.44,85.83,10,3.3
2015,4,29,0,48,15.8,26.85,92.47,6,3.6
2015,4,29,5,52,12.3,37.28,71.85,107,5
2015,4,29,9,39,17.2,27.62,84.73,10,4.1
2015,4,29,11,27,47.2,27.69,85.4,10,4.4
2015,4,29,17,16,36.4,27.77,85.52,10,4.1
2015,4,29,22,10,54.5,28.06,87.26,10,4.2
2015,4,30,0,37,12.8,27.61,84.68,10,4.3
2015,4,30,9,0,20.6,28.7,96.52,10,3.9
2015,4,30,17,34,40.2,27.59,85.74,10,3.9
2015,4,30,19,21,19,26.45,94.74,10,4.8
2015,4,30,20,19,1.2,26.46,92.69,37,3.9
2015,4,30,20,33,19.1,26.06,95.02,10,3.7
2015,5,1,4,39,20.1,28.25,85.82,10,3.5
2015,5,1,4,52,14.6,27.71,85.88,10,3.7
2015,5,1,8,58,40.5,10.88,91.89,7,5.2
2015,5,1,18,47,21.7,27.98,84.76,10,3.3
2015,5,1,22,10,16,27.8,85.7,10,3.8
2015,5,2,0,10,52,27.7,86.17,10,4.2
2015,5,2,1,3,13.5,27.73,85.82,10,4
2015,5,2,3,47,8.6,27.81,85.48,18,3.6
2015,5,2,5,35,47.7,28.04,84.7,10,4.9
2015,5,2,8,1,7.9,36.37,70.93,250,4.7
2015,5,2,9,41,13.8,28.34,85.11,39,3.8
2015,5,2,15,16,21.7,27.7,85.96,16,3.6
2015,5,2,21,44,11.1,27.73,85.86,10,4.4
2015,5,2,22,39,33,28,84.87,6,3.2
2015,5,3,2,15,30,27.69,84.74,10,3.7
2015,5,3,2,22,22.5,28,87.67,10,3.4
2015,5,3,11,35,10.8,27.98,85,10,4.3
2015,5,3,23,14,17.6,27.63,85.82,10,4
2015,5,4,1,15,8.6,27.44,85.89,10,4.5
2015,5,4,8,50,3,27.76,86.11,10,3.7
2015,5,4,12,17,15.6,27.53,85.92,10,3.9
2015,5,4,14,19,7.5,27.81,85.71,37,3.5
2015,5,5,0,54,5.5,28.04,84.92,10,3.5
2015,5,5,10,38,48.7,27.57,85.95,10,4.1
2015,5,5,11,15,43.9,27.83,85.89,10,3.8
2015,5,6,12,17,12.8,28.25,84.44,10,3.7
2015,5,6,12,35,36.5,28.6,86.56,10,3.3
2015,5,6,14,45,44.7,12.73,92.04,25,4.5
2015,5,6,15,13,22.7,27.43,85.46,10,3.5
2015,5,6,21,56,30,27.6,85.12,10,3.3
2015,5,7,3,13,52.5,36.34,70.72,80,4.2
2015,5,7,16,30,49.4,27.8,85.31,10,3.3
2015,5,7,20,34,48,27.87,85.57,10,3.7
2015,5,8,0,32,34.7,27.51,85.82,10,4.6
2015,5,8,5,8,26.7,29.11,76.85,6,3.3
2015,5,8,7,47,55.5,27.61,85.76,10,4.2
2015,5,8,21,23,29.6,28.01,85.13,7,3.6
2015,5,9,1,1,52.2,23.56,70.36,15,3.8
2015,5,10,0,49,53.5,27.76,85.88,10,3.7
2015,5,10,3,18,9.3,36.27,71.12,77,4.2
2015,5,10,3,47,15.3,36.27,70.11,150,4.5
2015,5,10,9,38,36.7,27.47,85.46,10,4.2
2015,5,10,14,17,37,27.66,85.74,10,3.3
2015,5,11,3,20,38.7,27.81,85.64,10,3.4
2015,5,11,14,51,2.7,28.25,85.89,10,3.7
2015,5,11,14,52,34,27.79,85.29,10,3.6
2015,5,11,20,17,47.7,36.04,70.71,150,4
2015,5,11,22,43,6,36.64,70.22,225,4.4
2015,5,12,6,10,49.7,37.79,68.64,52,4.4
2015,5,12,7,5,19.7,27.53,86.01,10,7.4
2015,5,12,7,17,23.2,28.11,86.32,22,5.4
2015,5,12,7,20,46.5,28.77,86.24,10,4.3
2015,5,12,7,22,26.1,27.64,86.24,10,4.3
2015,5,12,7,23,42,27.35,86.53,10,4.2
2015,5,12,7,36,54.7,27.27,86.04,10,6.2
2015,5,12,7,34,22.2,28.12,86.17,10,5.2
2015,5,12,7,51,28.6,27.83,85.93,10,4.2
2015,5,12,7,47,47.5,27.64,85.97,10,4.2
2015,5,12,7,43,15.1,27.63,85.98,10,4.3
2015,5,12,7,57,14.5,27.16,86.1,10,4.2
2015,5,12,8,6,8,27.1,85.79,10,4.6
2015,5,12,8,13,56,27.5,85.75,10,4.9
2015,5,12,8,21,11.6,27.52,86.04,10,4.9
2015,5,12,8,5,24.2,27.31,85.85,10,4.1
2015,5,12,8,59,41.2,27.55,86.19,10,4.2
2015,5,12,8,34,26,27.93,85.8,15,4.2
2015,5,12,8,39,8.3,27.57,85.85,10,4
2015,5,12,8,43,4,28.01,86.3,10,3.8
2015,5,12,8,48,51.7,27.37,85.97,10,3.4
2015,5,12,8,51,39.4,27.71,86.4,10,3.3
2015,5,12,9,2,12.8,28.44,86.4,10,4.1
2015,5,12,9,9,34.2,27.22,85.82,15,3.6
2015,5,12,9,14,36.5,28.93,86.52,10,3.5
2015,5,12,9,38,15.8,27.43,85.82,10,3.2
2015,5,12,9,21,20.1,29.52,87.77,10,3.3
2015,5,12,9,41,17.7,28.11,87.11,10,3.2
2015,5,12,9,44,33,27.85,85.49,10,3.4
2015,5,12,9,48,30.6,27.63,86,10,3.4
2015,5,12,9,55,59.2,27.42,86.21,10,3.3
2015,5,12,10,4,5,27.44,85.85,10,3.9
2015,5,12,10,15,9.8,27.24,86.06,10,4.1
2015,5,12,10,31,7.5,28.14,86.2,10,3.7
2015,5,12,10,35,43,27.49,86.03,10,4.5
2015,5,12,10,40,19.7,27.33,86.79,10,3.2
2015,5,12,10,41,31.2,28.3,86.39,10,4
2015,5,12,10,49,18.7,27.37,85.11,10,3.5
2015,5,12,10,53,19.1,28.35,86.03,10,3.7
2015,5,12,11,6,35.7,27.48,86.06,10,4
2015,5,12,11,13,23.5,27.57,85.83,10,4.2
2015,5,12,11,21,32.7,27.65,86.07,10,4.1
2015,5,12,11,26,57.2,28.07,86.23,10,3.2
2015,5,12,11,58,14.6,27.58,85.91,10,4.1
2015,5,12,12,28,25.7,27.51,85.92,10,4.2
2015,5,12,13,2,13.5,27.16,86.2,10,3.7
2015,5,12,13,10,46.9,28.56,86.41,10,3.5
2015,5,12,13,25,28,27.47,86.03,10,3.5
2015,5,12,13,8,13.1,27.37,85.78,10,3.9
2015,5,12,13,43,19.2,27.5,85.77,10,3.8
2015,5,12,13,47,6,27.97,85.77,10,3.5
2015,5,12,13,57,16,28.58,86.07,10,3.4
2015,5,12,13,59,1.6,27.22,86.25,10,3.5
2015,5,12,15,28,22.7,27.57,86.18,15,4.1
2015,5,12,15,59,46.9,27.42,86,11,3.4
2015,5,12,16,15,14.8,27.86,86.25,10,3.7
2015,5,12,16,32,11.5,27.6,86.14,10,4
2015,5,12,16,49,52.4,27.93,85.99,10,3.1
2015,5,12,16,55,25.7,27.67,85.91,10,3.9
2015,5,12,17,28,41.7,27.53,86.14,10,5.1
2015,5,12,18,49,9.3,27.49,86.39,10,3.6
2015,5,12,18,51,46.4,28.11,86.38,10,3.8
2015,5,12,19,35,1.2,27.56,86.06,10,3.7
2015,5,12,19,37,42.7,27.25,86.01,10,4.1
2015,5,12,20,22,17.2,27.22,85.14,10,3.8
2015,5,12,20,44,31.1,27.61,86.1,10,3.8
2015,5,12,21,13,3.4,27.56,85.82,10,3.4
2015,5,12,21,25,12.8,27.85,84.69,7,5.3
2015,5,12,21,57,16.1,27.82,85.94,10,3.7
2015,5,12,22,53,19.5,27.66,86.31,10,4.1
2015,5,13,2,23,12.1,27.47,86.13,10,4.2
2015,5,13,2,43,49.2,27.6,86.18,10,4.1
2015,5,13,4,48,6.5,27.77,86.13,10,3.8
2015,5,13,6,26,9.1,27.66,86.11,10,4.5
2015,5,13,6,37,32,27.64,86.06,10,4.5
2015,5,13,6,53,1.2,27.6,86.14,2,4.7
2015,5,13,8,45,58.7,28.03,86.37,10,4.1
2015,5,13,9,52,29.7,27.57,86.17,10,3.7
2015,5,13,10,59,45.7,27.45,86.03,10,4.2
2015,5,13,12,59,33,28.35,85.36,10,3.9
2015,5,13,15,36,18.6,27.73,85.58,10,3.8
2015,5,13,15,51,5,27.44,85.86,10,3.7
2015,5,13,18,31,4,27.7,86.14,10,4
2015,5,13,21,38,7,27.35,85.95,10,4.8
2015,5,14,3,7,11.1,27.6,86.07,10,4.3
2015,5,14,9,35,23.7,27.49,85.97,10,4.1
2015,5,14,14,36,44.9,27.61,85.17,39,3.6
2015,5,15,1,42,44,27.66,84.71,10,4.7
2015,5,15,9,24,16.7,27.52,86.1,8,3.7
2015,5,16,0,46,10,27.96,84.77,10,3.7
2015,5,16,3,39,29.1,27.5,85.72,10,4.6
2015,5,16,8,36,15.3,31.7,69.11,10,4.4
2015,5,16,11,34,11.8,27.42,86.06,10,5.7
2015,5,16,16,23,45.7,27.3,86.11,10,3.9
2015,5,16,20,2,55.7,28.03,84.89,10,3.1
2015,5,16,23,15,27.5,27.53,86.01,10,4.3
2015,5,17,5,45,40.4,27.27,85.79,10,4.2
2015,5,17,9,10,7.8,30.27,69.44,10,4.5
2015,5,17,14,55,4.5,27.41,86.14,10,3.9
2015,5,17,19,59,59.5,29.32,69.04,10,4
2015,5,18,12,16,19.7,28.41,85.33,10,3.6
2015,5,18,12,18,42.9,36.53,71.07,150,4.1
2015,5,18,12,42,12.3,28.04,84.81,10,3.7
2015,5,18,13,5,33.5,8.37,93.15,10,3.8
2015,5,18,16,46,34.9,34.38,73.58,10,4
2015,5,18,22,49,51.5,27.56,85.93,10,4.2
2015,5,19,10,59,32.2,27.86,85.99,10,4.1
2015,5,20,9,2,39,27.51,85.17,10,4.1
2015,5,20,8,54,29.5,36.24,71.38,100,4
2015,5,21,8,26,45.2,27.83,86.26,10,3.8
2015,5,21,9,11,58.9,27.79,85.31,10,3.3
2015,5,21,12,43,35.4,22.91,96.07,10,3.4
2015,5,22,1,55,6.5,36.33,70.14,200,4.5
2015,5,22,10,59,36,28.13,85.11,10,4.3
2015,5,22,11,45,50.2,27.66,86.19,10,4.1
2015,5,22,13,4,7.8,27.8,85.87,10,4
2015,5,22,19,7,43.5,29.78,81.68,10,3.9
2015,5,22,20,11,36.7,24.69,93.29,16,3.8
2015,5,23,11,53,57.7,30.42,79.23,6,3.4
2015,5,24,1,12,11,26.37,93.47,39,3.3
2015,5,24,17,30,39.4,28.24,86.43,10,3.6
2015,5,24,21,38,42.7,27.88,84.61,10,4.1
2015,5,25,5,15,44.5,28.24,86.31,16,3.7
2015,5,25,10,46,0.2,28.44,87.34,10,4.2
2015,5,25,15,59,7.8,22.27,93.88,33,3.5
2015,5,26,14,15,33.9,27.73,85.44,10,3.6
2015,5,26,17,7,15.3,27.95,85.11,10,4.4
2015,5,26,17,24,13.1,24.37,94.03,65,4.4
2015,5,27,6,18,37.7,27.57,86.12,10,4
2015,5,27,7,30,45.5,27.82,85.46,10,4.2
2015,5,27,16,45,1,27.92,85.03,10,3.9
2015,5,28,1,29,3.2,37.35,72.2,150,4.1
2015,5,28,11,46,28.2,28.17,93.39,10,4.1
2015,5,28,15,19,21.7,25.76,90.99,15,3.6
2015,5,28,23,35,56,28,84.89,10,3.3
2015,5,29,3,57,53.2,26.16,90.03,18,4
2015,5,29,6,45,34.5,27.76,84.72,10,4
2015,5,29,10,0,1.7,27.76,84.74,10,4.6
2015,5,29,13,11,20.5,29.45,85.59,10,3.3
2015,5,30,0,4,46.2,34.87,91.13,10,4
2015,5,30,16,28,21.7,27.69,85,10,4
2015,5,30,16,44,12.1,36.72,70.65,182,4.7
2015,6,1,7,12,4.5,26.54,96.18,114,4
2015,6,1,14,41,1.2,36.39,70.1,80,5
2015,6,1,23,30,29.1,37.83,72.88,126,5.3
2015,6,2,6,34,14.3,28.65,77.79,17,3.6
2015,6,2,17,58,59.7,37.98,73.67,38,3.7
2015,6,2,20,33,8.3,30,81.83,10,4.3
2015,6,2,22,9,10,25.77,89.92,10,3.6
2015,6,3,7,52,37.5,27.66,85.74,10,3.8
2015,6,3,11,28,25.7,30.44,79.25,5,4.3
2015,6,4,6,52,54,36.85,70.1,260,4.7
2015,6,4,13,43,31.2,27.53,92.92,10,3.1
2015,6,7,5,17,46.9,27.69,85.54,10,4.2
2015,6,7,19,47,27.7,18.99,94.61,50,4
2015,6,8,3,28,8.6,36.64,70.88,220,4.8
2015,6,8,15,21,18.2,6.94,92.37,30,3.9
2015,6,11,4,17,46.9,27.68,85.72,10,4
2015,6,11,16,12,19.6,27.79,85.65,10,4.4
2015,6,11,19,37,8.1,28.28,84.82,10,3.7
2015,6,12,0,24,23.7,22.98,94.29,90,4
2015,6,12,4,34,8.8,27.62,86.04,10,4.1
2015,6,12,8,51,57,35.91,69.92,90,4
2015,6,12,18,29,28.7,14.03,93.67,35,5.3
2015,6,13,1,18,30.2,27.55,86.04,10,4.5
2015,6,14,6,9,57.5,36.4,71.28,150,4.3
2015,6,14,7,47,48,28,85.74,10,4
2015,6,14,7,47,46.5,28.06,85.8,10,4.1
2015,6,14,13,12,17.1,36.53,70.01,200,4
2015,6,15,14,21,14.6,37.21,71.72,33,4
2015,6,15,21,39,19.7,22.26,94.12,60,4.3
2015,6,17,0,13,21.7,27.5,85.03,10,3.8
2015,6,17,0,30,0.1,27.51,85.46,10,4.1
2015,6,17,2,15,15.8,28.24,85.93,10,4.3
2015,6,18,1,31,56.5,36.33,70.66,100,4.3
2015,6,18,11,28,20.2,28.37,70.5,10,4
2015,6,18,14,36,3.2,22.8,92.17,10,3.6
2015,6,19,7,12,45.2,36.55,70.32,150,4.3
2015,6,20,12,23,7,28.48,82.73,10,4.5
2015,6,20,18,46,50.5,37.83,72.03,200,4.3
2015,6,21,13,41,48.5,27.67,85.98,11,3.9
2015,6,22,7,34,34.5,27.65,86.17,10,3.7
2015,6,23,17,38,37.7,37.07,72.26,100,4.5
2015,6,23,20,33,26.2,30.45,77.92,10,4
2015,6,24,22,29,13,24.74,94.94,106,3.7
2015,6,25,15,22,21.6,28.47,85.35,10,3.3
2015,6,26,17,41,50,36.68,68.41,28,4.5
2015,6,27,6,4,29.7,29.84,80.21,10,3.5
2015,6,27,18,37,15.1,35.4,70,33,4.3
2015,6,27,18,44,30.6,34.8,69.39,175,4.2
2015,6,28,1,5,25.6,26.4,90.25,5,5.6
2015,6,28,12,53,14.8,32.2,69.35,10,4.4
2015,6,28,23,57,13.1,27.5,86.21,10,4.4
2015,6,29,17,27,5.9,26.54,94.98,10,3.7
2015,6,29,17,42,44.2,27.71,85.61,10,3.7
2015,6,29,21,46,25.6,27.4,85.72,10,4.5
2015,6,29,22,7,46.5,36.47,71.14,166,5.9
2015,6,30,13,15,54.9,26.06,90.78,15,3.8
2015,7,1,2,42,36.7,27.47,91.26,6,4
2015,7,2,1,56,12.8,27.85,85.63,10,4.2
2015,7,2,7,18,19.6,34.77,73.34,10,5.4
2015,7,2,15,9,5.9,25.84,89.86,15,3
2015,7,3,0,37,45.4,13.2,93.24,46,4.3
2015,7,3,1,7,47.9,37.5,78.07,33,5.9
2015,7,3,1,31,36,36.99,78.16,38,4.4
2015,7,3,1,44,46.2,37.31,78.33,10,4.9
2015,7,3,2,20,38.7,12.06,94.67,10,4.6
2015,7,3,2,37,27.1,37.62,78.01,10,3.9
2015,7,3,3,11,15.6,37.37,78.79,10,4.3
2015,7,3,3,16,39,11.95,94.89,10,5.6
2015,7,3,15,18,2.2,36.57,70.93,120,4.1
2015,7,3,17,1,28,23.78,94.01,39,3.3
2015,7,3,20,4,10.1,27.67,84.99,18,4.3
2015,7,4,18,41,33,13.25,93.17,33,3.6
2015,7,4,23,8,22.6,24.7,95.24,90,4.2
2015,7,5,15,12,12.8,37.43,78.37,10,3.7
2015,7,6,15,29,10.6,28.49,85.87,10,3.4
2015,7,7,9,31,43.9,29.47,81.63,7,3.8
2015,7,9,3,29,58.4,34.87,73.99,15,4.1
2015,7,10,1,53,14.3,27.41,94.06,10,4
2015,7,10,12,53,21.7,26.75,90.5,10,4.4
2015,7,10,21,13,3,27.61,86.14,10,4
2015,7,10,22,27,37,25.18,90.77,15,4.1
2015,7,11,5,19,34.7,36.76,70.54,150,4
2015,7,12,8,58,56.2,17.21,73.75,6,5.1
2015,7,12,16,45,49.7,37.28,71.5,150,4.3
2015,7,12,21,36,45.7,36.97,70.85,156,4.3
2015,7,13,11,3,2,26.63,96.57,139,4.3
2015,7,14,12,29,22.5,37.29,77.24,33,4
2015,7,14,14,35,47.5,35.82,70.66,77,5.2
2015,7,14,22,12,1.6,36.66,70.55,200,4
2015,7,15,21,35,48.2,36.74,70.06,200,4.3
2015,7,17,19,36,48.5,37.12,68.53,33,4.1
2015,7,17,19,51,6.5,37.86,68.49,15,3.9
2015,7,18,5,41,17.2,31.15,95.42,10,4.8
2015,7,18,23,48,9.3,30.45,79.17,6,4.2
2015,7,19,1,26,16.7,36.66,71.48,229,4.6
2015,7,20,15,28,48.7,30.47,94.4,52,4.7
2015,7,21,1,26,59.4,18.96,97.21,10,5.2
2015,7,21,8,21,41.5,24.4,93.69,53,3.7
2015,7,21,15,10,22.1,30.5,94.32,33,4.4
2015,7,22,16,29,55.2,27.64,85.08,21,3.3
2015,7,22,22,0,43.5,30.34,94.01,38,4.4
2015,7,23,6,4,13.5,15.81,73.9,10,3.1
2015,7,23,14,36,6,21.35,80.11,10,4
2015,7,24,20,59,49.4,33.96,72.25,58,5.5
2015,7,24,21,30,10.6,33.7,72.64,33,3.7
2015,7,25,16,38,43.4,35.57,69.34,77,4.4
2015,7,25,19,24,8.3,36.1,70.55,100,3.8
2015,7,26,10,4,8.5,36.8,71.34,100,4.8
2015,7,26,16,59,8.1,30.04,80.7,10,3.6
2015,7,26,18,9,13.6,36.41,70.88,100,3.9
2015,7,27,7,33,41.7,27.47,91.08,16,4
2015,7,28,9,40,47.7,30.62,94.81,33,4.4
2015,7,31,3,18,17.5,30.59,94.46,10,4.7
2015,8,1,12,14,28.6,28.57,87.58,39,4.2
2015,8,2,5,58,0,30.74,94.99,40,4.6
2015,8,3,0,55,20.2,30.74,94.57,10,4
2015,8,3,20,47,48,11.7,92.3,30,4.7
2015,8,4,2,10,28.2,37.33,71.64,120,4.3
2015,8,4,16,44,35,36.65,70.99,150,5.3
2015,8,4,22,18,25.1,34.67,70.27,50,4.1
2015,8,5,19,15,57.7,30.19,80.51,10,4.3
2015,8,5,21,4,13,36.85,82.14,10,5
2015,8,6,12,34,15.1,30.17,93.69,33,4.6
2015,8,6,21,43,41,30.16,79.37,10,3.1
2015,8,7,1,54,20.2,36.47,69.86,200,5.2
2015,8,7,13,52,33.2,31.19,95.59,89,4.6
2015,8,7,22,0,8.6,36.23,70.05,60,4.3
2015,8,9,22,30,28.7,27.98,84.64,10,3.9
2015,8,10,5,41,10.8,36.46,69.66,200,4.4
2015,8,10,10,5,30,36.1,71.38,239,6.3
2015,8,10,17,5,20.2,17.81,95.71,10,5.1
2015,8,11,19,12,58.5,31.32,94.76,10,4.5
2015,8,12,2,44,50.9,24.63,94.81,15,4
2015,8,13,2,0,11.3,31.88,95.27,40,4.1
2015,8,13,14,56,7.8,30.56,96.35,30,3.7
2015,8,13,15,51,49.9,30,96.26,334,3.5
2015,8,14,13,2,33,26.73,86.12,10,3.6
2015,8,14,13,48,26.2,34.82,72.61,15,4.4
2015,8,15,5,42,21.7,27.33,88.01,10,4
2015,8,15,11,45,43.2,23.12,97.11,30,3.7
2015,8,15,18,11,38.7,27.57,86.03,10,4.5
2015,8,16,8,24,6.5,17.24,95.19,10,4
2015,8,16,10,53,16.1,36.06,70.5,70,3.7
2015,8,16,21,35,27.2,13.74,92.53,10,5
2015,8,17,2,24,5.5,37.43,68.75,19,4.2
2015,8,17,22,23,57.7,27.7,85.97,10,4.1
2015,8,18,0,23,42.2,35.35,71.18,70,3.8
2015,8,19,19,18,14.8,31.5,76.99,10,3.7
2015,8,19,20,50,4.5,36.94,70.54,30,4
2015,8,20,19,21,14.6,25.71,89.5,18,4.1
2015,8,21,11,12,30.2,35.4,70.6,98,4.4
2015,8,22,1,48,56.2,36.93,71.67,175,4.5
2015,8,23,9,2,4.9,27.73,86.07,10,4.7
2015,8,24,6,53,37.7,28.61,86.92,10,4
2015,8,25,10,17,4.8,17.17,73.78,5,3.9
2015,8,26,1,56,51.9,18.7,84.39,10,4.4
2015,8,26,13,18,26.2,36.76,71.21,150,4
2015,8,26,14,48,7,37.21,71.57,120,4.2
2015,8,26,18,5,8.1,29.65,95.54,10,4.4
2015,8,27,12,51,12.6,36.69,71.07,230,4.2
2015,8,27,13,1,48.4,35.88,69.47,70,4
2015,8,28,19,22,0.8,25.75,89.6,10,4.1
2015,8,29,2,5,15.8,13.83,92.84,18,4
2015,8,29,16,31,12.6,24.8,95.31,117,4.3
2015,8,30,13,17,35.4,27.57,85.59,10,4.2
2015,8,31,0,27,48.4,35.73,78.39,80,4
2015,9,1,9,10,52.5,28.24,87.16,15,3.9
2015,9,1,19,17,5.3,36.53,71.17,214,4.9
2015,9,1,23,6,39.9,27.51,86.15,10,4
2015,9,3,7,59,24.7,30,79.65,6,3.5
2015,9,3,17,57,52.7,27.61,75.68,10,4.3
2015,9,4,11,49,49.9,36.7,70.56,80,5
2015,9,4,20,45,53.7,37.57,71.36,70,4.1
2015,9,5,4,15,20.7,36.28,69.82,200,4.1
2015,9,5,5,39,1,26.23,92.8,17,4
2015,9,6,3,21,40.5,35.83,78.21,194,4.1
2015,9,6,12,23,15.1,26.19,92.79,38,3.5
2015,9,7,10,13,35,23.22,93.55,86,3.2
2015,9,7,10,21,29.7,36.76,71.04,150,4.5
2015,9,7,12,55,45,28.21,87.74,85,3.6
2015,9,7,17,50,57.9,36.74,70.75,218,4.4
2015,9,7,23,38,6,36.55,71.36,70,4
2015,9,8,21,21,39.5,36.84,71.87,227,4.2
2015,9,9,21,3,21.2,36.01,70.37,82,5.5
2015,9,10,15,25,46.7,37.43,71.4,124,4.1
2015,9,11,12,54,5.9,29.8,80.55,5,3.1
2015,9,13,9,45,22,28.58,76.26,10,3.3
2015,9,15,22,38,30.7,35.67,78.83,10,4.6
2015,9,16,11,10,13.3,35.31,78.97,33,4.8
2015,9,16,14,52,16.2,28.08,86.28,10,3.5
2015,9,17,14,50,8,37.92,78.81,33,4.2
2015,9,17,18,34,17.7,24.64,94.57,80,4.7
2015,9,18,20,25,20.1,23.9,93.95,73,3.3
2015,9,18,21,16,44.2,23.25,93.72,102,3.7
2015,9,19,1,1,15.1,7.6,94.44,33,4.7
2015,9,20,14,30,18,37.05,71.58,200,3.9
2015,9,22,6,32,47.5,27.65,85.03,10,4.1
2015,9,22,13,19,24.2,23.09,94.36,115,4.6
2015,9,23,3,33,18.7,37.01,70.98,100,4.7
2015,9,23,4,51,33.5,13.2,92.5,39,4.1
2015,9,24,6,12,29.7,36.57,71.16,250,4
2015,9,24,14,50,48.9,37.38,71.81,150,4
2015,9,24,16,50,36,38,78.96,33,4.5
2015,9,24,18,25,39,37.29,71.76,190,3.7
2015,9,25,5,6,13.1,36.48,70.75,90,4.6
2015,9,25,16,57,40.5,26.52,91.72,33,4.1
2015,9,25,20,28,38.7,23.09,94.46,33,4
2015,9,26,16,54,13.3,24.42,94.67,100,4
2015,9,27,1,13,29.6,36.25,70.98,120,3.8
2015,9,27,2,24,51.7,28.48,69.32,10,3.8
2015,9,27,14,31,25.2,37.27,72.36,271,4.5
2015,9,27,18,2,17.7,7.26,92.31,49,3.2
2015,9,27,22,54,52.9,7.33,92.38,15,3.3
2015,9,29,1,59,39,21.07,94.11,90,3.7
2015,9,29,9,27,14.6,29.82,80.56,10,4.6
2015,9,29,10,54,43.7,27.81,85.82,10,4.1
2015,9,29,16,33,26.6,30.64,69.58,10,4.3
2015,9,29,19,5,15.6,10.02,93.97,99,3.4
2015,9,30,11,27,22,36.45,71.53,373,4.7
2015,10,2,11,29,20.7,22.27,93.36,40,4.6
2015,10,2,16,20,14.1,36.72,71.08,220,4.6
2015,10,3,23,17,15,36.23,71.64,100,3.8
2015,10,4,21,39,24.6,35.98,70.73,261,4.6
2015,10,5,7,33,23.7,27.56,86.09,10,4.2
2015,10,5,7,36,26.7,27.31,85.93,10,3.9
2015,10,5,16,18,5.9,31.55,86.52,10,3.7
2015,10,6,4,17,34.5,28.87,76.68,13,3
2015,10,6,12,2,39.7,27.92,86,10,3.5
2015,10,6,23,30,29.1,27.6,86.05,10,3.7
2015,10,7,4,58,19.5,28.79,85.11,10,3.3
2015,10,7,8,1,56.7,36.8,70.82,320,4.8
2015,10,8,1,4,19,31.49,77.05,10,3.6
2015,10,9,1,1,27.2,28.57,86.32,10,3.7
2015,10,9,1,7,30.7,37.85,79.21,10,3.9
2015,10,9,6,9,32.5,36.38,70.02,200,4.8
2015,10,9,20,10,13.8,28.62,77.18,5,3.3
2015,10,9,20,30,1,28.57,86.27,10,4.6
2015,10,10,1,48,45.4,27.23,88.65,13,3.9
2015,10,10,23,54,31.2,24.26,96.29,40,4.4
2015,10,11,8,34,53.4,24.86,94.16,20,4.2
2015,10,12,11,32,36.2,35.74,69.75,110,4
2015,10,12,15,39,9,28.95,86.28,10,3.8
2015,10,13,15,40,5,36.7,70.4,165,4.9
2015,10,16,11,43,42.2,35.81,69.9,120,4.3
2015,10,17,6,29,40.2,24.75,94.4,38,4.3
2015,10,18,6,44,50.7,36.42,70.57,150,4.3
2015,10,19,0,4,40.7,29.67,80.42,5,3.3
2015,10,20,3,46,2.2,36.15,70.51,214,3.9
2015,10,20,17,54,12.6,37.49,71.94,108,4.3
2015,10,21,23,37,16.7,36.01,69.23,100,3.9
2015,10,22,7,10,46,31.6,95.44,585,4
2015,10,23,0,27,37.4,29.58,70.06,10,5.5
2015,10,23,0,36,54.7,29.27,70.44,10,4.5
2015,10,23,1,6,29.5,29.49,70.36,30,4
2015,10,23,1,24,25.2,29.55,70.05,10,3.8
2015,10,23,1,31,22.2,29.53,70.07,10,3.7
2015,10,23,1,43,59,29.66,69.75,10,3.7
2015,10,23,4,42,56.2,29.6,70.23,5,4
2015,10,23,4,50,40.2,29.62,70.24,5,3.5
2015,10,23,18,19,5.5,36.25,78.15,100,4.6
2015,10,24,4,35,3,30.13,80.33,20,3.8
2015,10,26,9,9,23.7,36.84,70.29,145,7.7
2015,10,26,9,49,29.2,36.58,70.11,10,5.2
2015,10,26,10,30,31.7,36.22,70.57,200,4.2
2015,10,26,10,37,2.5,36.36,70.04,200,4.2
2015,10,26,11,14,43.5,35.4,69.54,200,4
2015,10,26,12,50,51,36.56,69.86,200,4.5
2015,10,26,13,18,46.4,36.44,70,200,4.4
2015,10,26,13,41,49.2,35.99,69.9,100,3.8
2015,10,26,15,39,5,36.64,70.01,100,3.9
2015,10,26,15,47,21.6,36.42,69.61,100,4
2015,10,26,23,35,15.1,36.53,69.96,200,4
2015,10,27,0,1,32.5,36.53,69.98,200,3.8
2015,10,27,0,17,11.1,35.96,70.02,200,3.7
2015,10,27,0,27,24.1,36.29,70.13,150,3.8
2015,10,27,0,44,32,36.1,69.84,150,4
2015,10,27,1,17,47.7,36.11,70,200,4.3
2015,10,27,13,14,3.2,36.39,70.07,200,4.9
2015,10,27,13,50,48,24.56,94.94,20,4.4
2015,10,27,15,30,37.2,36.69,69.91,200,3.8
2015,10,27,17,55,43.9,36.42,70.05,200,4.4
2015,10,28,0,4,2,36.72,70.61,300,4.1
2015,10,28,10,4,15.1,36.07,70.12,200,4
2015,10,28,10,12,48.9,36.21,70.64,200,4.3
2015,10,28,14,16,29,36.48,70.14,200,4.5
2015,10,28,15,29,35.9,36.59,70,200,4.2
2015,10,28,22,50,36.2,36.11,69.92,200,4.1
2015,10,28,23,26,22.2,36.61,70.31,200,4.2
2015,10,28,23,54,46.2,24.17,93.12,10,4.1
2015,10,29,17,11,26.6,35.47,70.77,17,3.9
2015,10,29,22,15,52,24.58,92.39,10,5.1
2015,10,30,4,39,54,36.58,68.95,10,4
2015,10,30,23,33,41.4,36.7,70.48,200,4
2015,10,31,5,16,48.2,25.76,92.18,10,3.2
2015,10,31,20,52,10.5,36.74,70.31,150,4.3
2015,11,1,12,50,3.9,36.56,70.58,316,4.9
2015,11,2,13,40,30.5,32.09,69.12,33,5.1
2015,11,2,17,2,56.5,32.2,68.79,33,4.6
2015,11,2,17,34,57.4,28.83,76.69,10,3.2
2015,11,2,20,39,45.5,20.43,73,18,3
2015,11,5,0,12,15.8,36.83,70.24,199,4.3
2015,11,5,16,27,45.9,31.7,74.32,24,3.5
2015,11,6,14,11,56.5,36.56,70.36,200,3.8
2015,11,7,9,29,30.1,23.64,94.42,132,3.9
2015,11,8,10,41,54.2,6.35,95.02,7,5.2
2015,11,8,10,53,27.2,6.61,95.2,20,4.8
2015,11,8,11,54,41.2,7.12,94.52,10,4.7
2015,11,8,13,23,59,6.95,94.36,10,5
2015,11,8,14,34,1,6.34,94.9,10,5.1
2015,11,8,15,37,31.1,36.32,70.1,200,4
2015,11,8,16,47,2.2,6.57,94.81,35,5.8
2015,11,8,16,59,22.2,6.93,94.61,10,5
2015,11,8,17,46,49.7,6.43,94.25,10,4.7
2015,11,8,18,48,50.5,6.94,94.41,10,4.8
2015,11,8,19,14,42.5,6.34,94.76,10,5
2015,11,9,6,12,11.1,6.23,94.84,10,5
2015,11,9,8,12,48.7,6.66,94.67,10,5.5
2015,11,9,13,58,41,36.77,71.09,180,4.6
2015,11,13,1,56,22,24.61,94.53,101,3.6
2015,11,13,7,44,23.6,29.82,80.66,10,3.2
2015,11,14,16,53,31.2,6.73,94.51,10,5.1
2015,11,15,9,19,7,13.54,93.49,29,3.5
2015,11,15,15,47,45.2,36.47,70.13,265,4.9
2015,11,15,23,24,39.7,24.72,94.73,92,4.3
2015,11,16,5,10,8.8,36.34,70.36,130,3.6
2015,11,17,9,17,5.3,36.51,71.7,362,4.5
2015,11,17,21,4,46.5,37.15,71.74,100,4.6
2015,11,17,22,15,28.2,31.98,95.15,10,4.1
2015,11,18,0,59,5,36.61,70.18,200,4.6
2015,11,18,8,25,38.2,29.73,80.72,6,3.5
2015,11,19,4,15,53,27.68,85.6,10,4.9
2015,11,19,13,37,56.2,32.68,76.36,10,3.7
2015,11,19,23,28,15.6,37.32,71.53,150,4.5
2015,11,22,18,16,8.1,36.11,71.47,119,5.8
2015,11,23,4,27,15.3,36.98,71.27,200,4.1
2015,11,23,15,39,43.5,36.59,71.68,100,4.2
2015,11,24,12,24,15.3,27.92,84.78,10,4.1
2015,11,25,5,2,5.5,29.61,90.02,142,4.6
2015,11,25,16,15,10,26.42,92.97,36,4.7
2015,11,26,12,57,4.5,36.42,71.59,76,4.3
2015,11,27,8,34,0.8,22.39,94.38,10,5.3
2015,11,27,11,40,34.7,34.97,73.89,10,5
2015,11,27,18,58,55,10.69,91.49,11,4.5
2015,11,28,18,32,53.2,12.55,93.84,34,3.6
2015,11,29,2,47,38.7,30.62,79.68,14,4
2015,11,30,16,27,20.7,36.6,71.46,125,3.8
2015,12,1,1,10,28.2,34.94,69.72,80,3.8
2015,12,2,10,2,9.3,36.26,68.64,100,4.4
2015,12,5,23,13,34,18.62,71.49,10,4.3
2015,12,6,3,57,32.2,36.28,69.82,296,4.5
2015,12,6,12,35,17.7,28.8,76.87,5,3.4
2015,12,6,16,6,37,37.46,72.17,50,4.2
2015,12,7,9,13,31,36.17,70.27,120,4.8
2015,12,7,14,27,26.1,37.97,72.75,10,4.3
2015,12,8,9,28,52.5,37.87,71.14,10,4.5
2015,12,10,8,43,22.5,36.58,70.08,200,4.3
2015,12,11,0,7,38.7,35.7,70.07,200,4.5
2015,12,11,5,37,44.7,29,77.01,10,3.1
2015,12,11,22,9,35.2,29.91,95.69,10,4
2015,12,13,11,17,26.2,24.6,95.39,109,4.2
2015,12,13,18,24,27.1,26.37,93.33,30,3.6
2015,12,14,13,45,38.7,36.18,70.84,200,4.2
2015,12,15,0,33,46,27.28,97.04,17,3.4
2015,12,15,2,35,15.6,24.17,86.56,10,4.2
2015,12,15,9,34,54,36.75,71.28,170,4.4
2015,12,16,4,48,17.5,12.71,93.63,70,4.2
2015,12,16,13,24,46.7,34.41,82.59,10,4.3
2015,12,17,3,4,40.2,9.07,93.58,50,4
2015,12,18,22,17,0.1,29.17,81.42,13,5.1
2015,12,21,23,52,31,25.01,90.43,10,3.8
2015,12,23,9,22,5.8,26.28,93.07,35,4.2
2015,12,23,13,27,10.1,25.68,94.92,30,4.2
2015,12,24,7,47,5.3,37.68,71.79,10,4
2015,12,24,20,1,24.1,26.25,90.91,20,3
2015,12,25,19,14,45,36.44,71,184,6.8
2015,12,26,4,48,43.4,29.25,81.52,10,3.7
2015,12,27,11,34,24.7,7.65,91.46,60,4.5
2015,12,28,3,31,13.1,36.35,69.76,200,4.2
2015,12,28,4,53,50,35.67,70.64,50,3.9
2015,12,29,0,6,56,35.54,72.83,50,4.6
2015,12,29,0,6,46.7,27.2,92.91,10,3.7
2015,12,29,7,14,57.7,36.51,70.62,200,4.9
2015,12,29,15,50,20.2,30.23,79.59,10,3.3
2015,12,29,18,26,12.3,17.38,73.64,5,4.1
2015,12,30,17,24,57,24.94,91.57,10,3.7
2015,12,31,3,23,37.5,8.19,94.04,40,4.2
2016,1,1,6,54,40.2,29.84,80.37,10,3.3
2016,1,1,11,16,43.7,36.46,70.12,166,4.8
2016,1,2,8,37,16.7,36.66,70.62,149,5.5
2016,1,3,23,5,22.7,25.02,93.38,72,6.6
2016,1,4,2,27,57.7,12.35,93.63,59,4.1
2016,1,4,3,57,48.5,25.33,93.18,3,3.2
2016,1,4,9,0,0.8,24.8,93.48,77,3.6
2016,1,6,10,25,13.6,25,93.37,68,4.1
2016,1,7,13,42,51.7,27.9,92.91,7,3.8
2016,1,7,15,32,42.9,36.49,70.55,200,4.1
2016,1,8,9,7,5,36.64,70.79,175,5.2
2016,1,9,5,50,29.7,36.71,70.93,170,4
2016,1,9,17,43,56.4,27.66,85.61,10,3.7
2016,1,9,23,45,0.6,35.98,69.04,100,3.8
2016,1,11,12,42,56.7,37.08,71.1,80,3.7
2016,1,12,20,5,0.5,36.21,70.9,223,5.9
2016,1,13,14,19,24.7,36.58,71.21,94,4.3
2016,1,13,20,34,57.2,32.78,91.38,10,4.9
2016,1,14,0,3,56.7,29.64,88.18,10,3.5
2016,1,14,18,45,52.5,36.34,70.06,235,3.8
2016,1,14,22,45,58.9,36.17,71.02,169,3.5
2016,1,14,23,21,44.9,36.11,70.29,33,3.5
2016,1,15,0,25,23.1,24.88,92.39,24,3.3
2016,1,15,19,24,50.2,11.52,92.79,59,4.5
2016,1,16,17,11,47.7,36.49,69.94,171,4.8
2016,1,16,20,43,39.4,36.6,69.22,33,4.6
2016,1,17,19,46,43.2,37.01,70.94,92,5.1
2016,1,18,0,50,31.7,37.46,72.13,243,4.4
2016,1,18,0,52,51,26.37,93.08,10,3.2
2016,1,18,6,4,55.2,24.26,94.56,115,4.4
2016,1,21,19,22,44.4,27.97,85.01,10,4.4
2016,1,22,12,56,27.5,35.94,70.08,128,4.6
2016,1,23,4,54,6.5,36.71,71.21,82,5.1
2016,1,24,6,5,51.9,36.5,70.21,166,4.8
2016,1,24,17,9,26.7,26.93,92.24,10,3.3
2016,1,26,2,24,23.2,36.31,70.86,194,3.9
2016,1,26,8,45,9,36.15,70.13,252,4.2
2016,1,26,9,16,54.7,36.91,71.25,279,3.6
2016,1,26,14,59,50.7,36.95,70.53,150,4.1
2016,1,26,16,57,35,29.7,88.23,34,3.5
2016,1,26,23,19,0.8,37.1,69.48,248,5.7
2016,1,27,22,9,56.2,13.77,93.78,89,4.2
2016,1,28,9,36,3.7,29.73,88.14,10,3.6
2016,1,28,11,52,54.2,36.76,71.39,226,4.2
2016,1,28,22,47,10.1,27.12,75.4,10,3.7
2016,1,30,0,29,22.6,36.44,70.28,269,3.8
2016,1,30,9,39,23.2,28.72,76.49,10,3.1
2016,1,31,4,18,27.5,29.64,84.31,10,3.6
2016,1,31,4,39,51.7,29.59,84.23,10,3.4
2016,2,1,19,48,36.5,23.89,93.81,20,3.7
2016,2,1,23,49,31.6,26.51,93.29,33,3.6
2016,2,4,7,10,30.5,32.69,75.88,5,4.3
2016,2,4,15,30,46.4,13.96,93.12,10,4.6
2016,2,5,16,20,13.1,27.76,85.37,20,4.7
2016,2,8,0,33,5.3,36.8,70.78,100,4.7
2016,2,8,1,15,32.2,36.34,70.87,150,4.8
2016,2,8,11,5,56.5,25.04,94.86,94,4
2016,2,9,2,29,1.2,31.52,86.58,30,4.3
2016,2,9,15,13,47.7,32.87,76.21,10,4.1
2016,2,10,16,27,43.4,27.62,85.64,20,3.7
2016,2,10,19,15,20.7,36.08,70.78,200,4.4
2016,2,10,21,33,8.6,36.34,71.05,100,4.1
2016,2,10,22,45,31.5,25.68,91.92,5,3.1
2016,2,13,19,40,16.6,36.72,71.32,150,5
2016,2,13,20,50,23,36.73,71.07,200,3.8
2016,2,13,21,37,53.5,27.22,89.34,20,3.7
2016,2,14,19,57,15.5,30.05,70.12,20,4
2016,2,15,16,35,28,30.32,79.88,10,3.6
2016,2,16,23,6,57,26.24,93.43,12,4.2
2016,2,17,17,34,12.1,6.36,94.99,10,4.9
2016,2,18,6,5,58.7,36.94,70.2,200,4.6
2016,2,20,0,57,53,31.72,69.78,10,4.1
2016,2,20,12,56,37.5,37.93,73.72,200,4.8
2016,2,20,18,43,42.5,36.57,70.2,200,4.4
2016,2,21,3,39,37.4,7.09,92.66,50,4.7
2016,2,21,7,50,56.4,30.92,78.28,5,3.3
2016,2,21,9,12,5.5,36.34,70.61,180,6
2016,2,21,16,32,7.3,36.2,78.29,50,4.6
2016,2,21,18,9,56.5,28.29,84.22,30,4.7
2016,2,22,18,21,7,8.32,91.78,10,5
2016,2,23,0,33,30.7,32.53,95.31,10,4.6
2016,2,24,2,6,52.9,24.84,72.19,10,3.3
2016,2,24,7,6,52.5,36.6,70.16,200,4.5
2016,2,24,8,29,28.7,35.99,71.2,100,4
2016,2,24,9,22,18.2,27.51,85.57,10,4.5
2016,2,27,0,31,0.6,13.17,94.05,100,4.9
2016,2,28,23,11,8.6,11.1,94.1,50,4.4
2016,3,1,7,33,36.7,36.08,68.13,33,4.4
2016,3,2,4,3,50.7,26.73,95.31,11,3.9
2016,3,2,6,35,9.3,29.7,69.62,10,4.6
2016,3,3,14,52,47.5,33.62,81.71,10,3.9
2016,3,4,22,55,43.5,35.6,70.02,90,3.8
2016,3,6,0,50,20.2,24.47,92.84,31,3.7
2016,3,6,0,49,2.4,30.98,68.93,10,3.3
2016,3,6,2,46,1.6,36.72,71.76,100,4.2
2016,3,6,8,51,16.2,24.47,92.93,25,3.6
2016,3,7,3,13,59.9,20.9,94.89,104,4.5
2016,3,7,8,5,16.6,29.87,82.15,10,3.7
2016,3,7,12,22,59.7,22.82,93.82,13,4.4
2016,3,8,9,55,10.3,9.38,93.03,15,4.5
2016,3,8,18,35,4.4,37.31,71.8,83,4.2
2016,3,9,1,22,8.1,36.73,69.96,150,4.1
2016,3,10,9,46,59,25.63,91.88,9,3.1
2016,3,10,9,50,32.5,25.64,91.9,5,3
2016,3,10,11,55,51.5,35.1,72.88,38,3.3
2016,3,10,15,2,10.5,22.8,94.11,33,3.6
2016,3,11,14,44,30.2,36.35,84.25,10,4.3
2016,3,12,2,1,24.7,36.34,70.06,256,3.7
2016,3,12,9,39,33.7,10.72,91.84,33,3.5
2016,3,12,13,51,58,36.86,69.95,225,4.6
2016,3,12,16,15,13,26.85,89.13,10,4
2016,3,13,5,15,35.7,27.74,84.84,10,3.9
2016,3,13,10,30,9.6,26.27,92.4,34,4
2016,3,13,15,4,36,10.54,94.16,115,3.7
2016,3,14,21,27,34.2,27.79,85.63,10,3.8
2016,3,15,4,28,28,30.44,97.79,33,4.1
2016,3,17,16,46,55.4,34.78,78.46,33,4.1
2016,3,17,23,46,38.9,36.53,71.41,307,3.6
2016,3,18,3,37,38.4,25.81,73.21,7,3.6
2016,3,19,0,11,24.6,36.79,70.78,156,3.8
2016,3,20,0,18,58.5,36.38,70.44,225,4.3
2016,3,20,16,54,9.6,30.58,93.31,10,4.8
2016,3,20,18,22,49.4,36.46,71.71,383,4.3
2016,3,21,2,19,40.7,25.25,92.49,22,3.1
2016,3,22,11,48,46.2,26.3,96.39,7,4
2016,3,22,20,14,52.4,36.41,71.18,182,3.9
2016,3,23,10,49,55.7,24.54,96.46,13,4
2016,3,23,21,23,36,36.86,71.13,100,4
2016,3,24,6,17,12.8,24.91,93.95,33,3.2
2016,3,24,9,10,53,35.45,71.56,33,3.9
2016,3,24,17,26,11.1,27.83,88.1,68,3.6
2016,3,25,19,3,56,36.44,70.67,166,4.1
2016,3,25,20,27,33.5,36.43,70.61,179,3.6
2016,3,26,18,39,27.7,36.73,70.27,241,4
2016,3,27,8,11,36,36.9,70.51,158,4.6
2016,3,28,15,42,48.2,24.68,93.04,9,3.4
2016,3,28,18,40,7.5,26.04,90.75,15,4
2016,3,30,2,4,10.6,32.53,76.11,10,3.4
2016,3,30,12,26,43.2,27.85,85.65,8,3.9
2016,4,1,8,12,37.4,36.38,70.27,200,4.2
2016,4,3,10,58,33.5,23.86,94.15,40,4.1
2016,4,3,20,31,34.4,24.18,94.54,120,3.8
2016,4,4,4,31,27.6,27.62,86.06,10,4
2016,4,4,11,12,53,36.75,70.39,100,3.9
2016,4,5,7,42,24.7,25.83,90.53,10,4.9
2016,4,7,15,15,54.4,36.6,71.12,100,4.4
2016,4,7,20,3,2.9,26.94,75.25,10,3.4
2016,4,7,21,24,41.7,34.37,69.23,35,4.3
2016,4,8,0,24,7.3,36.33,70.59,130,3.8
2016,4,8,2,19,48.2,36.38,70.6,100,5
2016,4,8,9,59,0.4,36.37,69.85,120,3.6
2016,4,8,14,30,41.2,36.93,70.86,100,5.2
2016,4,9,13,20,15.3,27.54,85.27,10,4
2016,4,10,10,28,59.5,36.28,71.17,203,6.8
2016,4,10,22,14,11,36.6,69.95,200,4.6
2016,4,11,7,34,11.8,36.23,70.87,220,4
2016,4,11,10,36,11.6,29.95,80.27,10,3.7
2016,4,11,11,28,51.2,36.05,70.85,110,3.8
2016,4,12,7,10,6.8,36.25,70.64,110,4
2016,4,12,11,55,49.2,26.06,90.86,10,3.9
2016,4,12,14,41,52.5,27.54,86.12,10,4
2016,4,13,1,23,21,36.66,71.02,150,3.9
2016,4,13,3,56,54.5,24.84,94.21,60,4.5
2016,4,13,9,50,40.2,37.41,71.99,200,4.3
2016,4,13,13,55,19.5,23.1,94.66,130,7
2016,4,14,0,39,50.5,23.11,94.39,10,3.3
2016,4,14,5,41,53.4,23.78,94.09,33,4.7
2016,4,14,16,23,37.2,23.05,93.29,5,3.5
2016,4,14,23,24,27.2,24.94,92.46,10,3.2
2016,4,15,8,51,52.5,35.68,69.9,100,3.9
2016,4,15,12,51,19.6,36.77,71.46,100,4.3
2016,4,16,2,10,41.5,36.24,70.55,90,4.9
2016,4,16,4,33,7.4,28.29,87.25,10,3.8
2016,4,17,9,52,44,36.5,71.37,200,4.3
2016,4,17,15,6,1.6,25.58,91.02,5,3.5
2016,4,18,15,29,53,12.98,92.32,10,4.3
2016,4,19,1,14,47.7,24.86,92.76,10,3.7
2016,4,19,17,22,18.2,28.49,87.95,30,4.4
2016,4,19,20,33,3.5,10.58,93.4,10,5.1
2016,4,20,3,28,18.7,36.56,69.75,220,5.1
2016,4,20,11,2,45.5,36.31,70.77,100,4.4
2016,4,22,2,43,9.8,9.93,93.23,30,4
2016,4,22,7,50,34.9,24.67,96.93,50,4.1
2016,4,23,9,32,55,32.2,95.22,10,4.3
2016,4,23,10,40,55.7,32.53,94.93,10,4.5
2016,4,23,20,31,5,27.99,85.01,150,3.7
2016,4,24,21,43,4.5,37.25,71.76,120,5.2
2016,4,24,21,55,41.5,10.57,91.43,10,4.8
2016,4,26,9,33,37,28.05,85.36,10,4
2016,4,27,0,26,46,35.37,81.58,33,3.8
2016,4,27,10,54,31.7,37.38,72.16,150,4.5
2016,4,28,17,32,36.9,35.99,70.12,100,3.6
2016,5,1,6,16,5,36.61,70.46,100,4.4
2016,5,2,15,49,4,22.23,94.52,100,4.2
2016,5,3,2,54,31.7,37.25,72.48,103,3.9
2016,5,3,16,31,50.4,29.95,88.32,10,3
2016,5,5,4,52,43.5,36.88,71.61,313,4.6
2016,5,5,18,0,32,30.07,79.93,12,4
2016,5,5,19,22,39.7,30.02,79.92,10,3.6
2016,5,6,3,6,44.7,23.74,94.28,4,3.1
2016,5,6,8,36,8.6,28.7,92.18,10,3.5
2016,5,6,15,14,5.4,26.45,92.98,38,3.2
2016,5,7,9,43,40,25.44,91.71,24,4.1
2016,5,8,20,37,4,36.72,70.96,261,4.2
2016,5,9,5,17,53.7,28.38,85.88,10,3.8
2016,5,9,6,12,2.7,26.24,92.82,36,3.4
2016,5,9,7,46,30.2,23.3,70.38,10,3.3
2016,5,9,16,0,24.7,11.32,91.47,24,4.5
2016,5,9,16,3,49,11.4,91.49,10,5.2
2016,5,10,20,49,36.2,30.42,69.86,10,4.1
2016,5,11,1,15,48.5,32.06,94.78,10,5.4
2016,5,11,8,52,46.5,27.84,84.59,10,4.2
2016,5,11,9,54,58.7,36.49,70.75,300,4.3
2016,5,12,3,2,33.2,36.13,71.05,224,4.7
2016,5,12,7,54,18.7,24.38,94.19,84,4.6
2016,5,12,11,56,8.8,24.48,94.37,20,3.9
2016,5,12,16,1,55.5,36.41,68.39,33,4.1
2016,5,12,16,59,52.2,24.36,72.58,39,3.1
2016,5,13,23,20,59.9,27.92,85.55,10,3.4
2016,5,14,22,45,53.5,27.89,85.53,10,4
2016,5,15,6,56,6,23.5,70.35,10,3.3
2016,5,15,13,51,34.2,36.7,71.31,271,4.1
2016,5,15,18,41,21.6,36.68,70.42,146,4.9
2016,5,16,18,3,46.2,26.13,90.28,33,4
2016,5,17,10,12,32.4,26.44,88.96,10,3.1
2016,5,17,11,41,47.2,36.36,71.39,272,3.8
2016,5,18,8,27,4.5,25.56,91.58,16,3.3
2016,5,18,13,23,23.6,17.47,73.81,10,3.7
2016,5,18,16,57,5.5,32.63,95.22,10,4.3
2016,5,18,17,29,38.2,17.42,73.68,10,3.3
2016,5,18,19,17,43,17.39,73.82,10,3.6
2016,5,19,18,7,24.6,17.36,73.82,9,3.5
2016,5,19,23,10,20.5,22.84,94,33,4.5
2016,5,20,1,40,12.5,34.96,69.06,33,4.1
2016,5,20,13,36,17.7,24.91,92.11,15,3.5
2016,5,21,7,58,58.9,28.83,87.52,10,4.1
2016,5,21,11,30,24.5,17.48,73.92,12,3.6
2016,5,21,21,57,38.2,23.92,94.55,80,3.8
2016,5,22,1,32,33,28.48,87.54,10,4.1
2016,5,22,1,46,16.1,28.15,87.87,10,3.3
2016,5,22,1,48,51.2,28.28,87.36,10,5
2016,5,22,2,5,56,28.46,87.46,4,4.8
2016,5,22,2,55,46,28.49,87.47,10,3.3
2016,5,22,4,49,47.5,28.29,87.56,10,4
2016,5,23,18,9,6.4,28.44,87.7,10,3.8
2016,5,23,19,9,55.7,27.68,85.11,10,4
2016,5,24,10,17,54.4,33.16,75.61,10,4.3
2016,5,26,9,29,23.7,28.69,87.69,10,3.5
2016,5,27,5,3,6.5,26.5,96.82,47,4.2
2016,5,27,15,30,21.1,24.85,94.57,83,3.6
2016,5,27,19,8,13.3,36.12,78.06,150,4
2016,5,28,3,12,42,14.95,79.32,38,4
2016,5,28,7,12,31.7,14.94,79.4,11,4.1
2016,5,28,9,39,12.1,27.9,85.51,10,4.2
2016,5,28,11,42,15.1,36.7,70.9,261,4
2016,5,29,0,19,35.7,23.31,70.26,10,3.5
2016,5,29,6,45,55.9,36.31,70.97,211,4.5
2016,5,30,17,40,16.7,31.13,92.43,33,4
2016,5,30,22,39,26.6,25,93.38,16,3.7
2016,5,31,17,42,44.2,36.15,70.6,100,4.4
2016,6,1,17,39,50,36.8,70.97,250,3.9
2016,6,2,5,17,29.2,36.71,71.14,150,3.9
2016,6,3,17,35,47.2,36.62,70.64,200,4.3
2016,6,5,22,48,6.3,36.03,70.19,100,4.5
2016,6,6,12,17,53.2,27.92,94.1,10,4.1
2016,6,7,12,1,11.8,27.4,92.63,5,4
2016,6,7,20,10,36,30.07,80.46,10,3.8
2016,6,8,1,33,46.5,36.58,71.23,150,4.3
2016,6,10,14,21,6.9,22.65,93.86,30,3.8
2016,6,10,23,11,12.8,37.71,71.84,150,5.3
2016,6,11,18,12,21.2,25.74,95.14,90,4.2
2016,6,11,21,54,2.5,36.66,71.21,120,5
2016,6,12,11,20,22.2,17.29,73.81,10,3.6
2016,6,13,19,22,44,27.61,92.75,10,3.4
2016,6,13,23,27,44.7,27.78,84.57,10,3.8
2016,6,15,9,2,10.6,36.05,69.98,100,5.2
2016,6,17,8,45,38.7,36.46,71.01,37,4.3
2016,6,18,16,54,23.2,37.13,71.25,110,4.5
2016,6,21,5,49,50.2,28.29,85.34,10,3.6
2016,6,21,16,47,6,35.87,73.33,35,4.4
2016,6,22,13,3,21,22.72,94.37,100,4.8
2016,6,22,20,23,53.4,31.93,85.32,10,4
2016,6,22,21,55,21.7,24.44,94.3,10,3.9
2016,6,23,11,35,44,35.69,70.76,227,5.8
2016,6,24,17,0,3.5,36.94,71.07,199,5.3
2016,6,24,23,1,15.8,24.15,93.65,10,3
2016,6,25,4,3,50.5,27.31,95.2,5,4.3
2016,6,26,9,14,14.3,35.94,70.56,255,5.3
2016,6,27,0,27,41,22.71,92.25,10,5.4
2016,6,27,5,27,32.7,32.18,68.65,50,4.3
2016,6,27,7,22,10.6,23.18,94.18,5,4
2016,6,27,14,53,1,28.79,87.43,10,4.4
2016,6,28,14,15,34.4,24.48,92.12,10,3.6
2016,6,29,9,10,30.2,29.36,81.26,10,4.4
2016,6,29,9,26,59,29.46,81.48,10,3.9
2016,6,30,20,50,35.7,30.16,70.07,10,4.4
2016,7,1,0,31,15.5,21.33,94.18,171,3.6
2016,7,1,13,48,25.6,36.3,69.85,257,3.9
2016,7,1,19,22,41.7,24.98,95.11,132,4.8
2016,7,2,0,23,46.4,29.48,81.22,10,4
2016,7,2,5,4,14.3,20.77,93.98,80,3.4
2016,7,2,13,29,26.7,25.11,94.37,35,3.5
2016,7,2,23,27,10,36.73,69.1,272,4
2016,7,3,8,9,4,37.65,72.14,130,4.4
2016,7,4,3,31,3,25.98,95.6,115,3.8
2016,7,4,9,31,36.5,29.94,70.32,10,3.6
2016,7,4,12,7,23.7,22.42,93.57,33,3.6
2016,7,5,6,24,58,25.2,94.53,79,3.8
2016,7,5,9,43,45.5,24.83,94.89,125,3.6
2016,7,6,21,2,56.7,36.53,70.38,262,4.5
2016,7,7,3,41,6.5,37.08,71.9,303,4
2016,7,7,4,8,22.5,37.12,71.62,318,4.1
2016,7,7,6,2,14.6,35.21,73.04,33,3.4
2016,7,7,8,41,34.2,36.6,70.65,261,4.5
2016,7,7,8,59,28.2,28.99,84.1,10,3.5
2016,7,7,15,2,52.2,29.4,81.22,13,4
2016,7,7,22,23,21.1,27.88,86.14,10,3.1
2016,7,8,18,37,30,36.85,71.76,200,3.8
2016,7,9,3,26,41.5,36.23,71.56,264,3.9
2016,7,9,6,58,37.9,36.08,72.18,211,3.5
2016,7,9,20,42,9.5,30.37,79.29,10,3.9
2016,7,10,10,58,13.8,36.49,71.35,250,4.1
2016,7,11,6,31,18.2,36.63,72.44,100,3.7
2016,7,11,6,51,23.7,36.32,70.59,220,4.3
2016,7,11,20,23,13,36.75,71.45,314,3.9
2016,7,12,9,5,21.6,36.46,70.35,250,4.6
2016,7,13,9,33,33.7,24.51,94.52,107,3.9
2016,7,13,17,56,31.2,11.83,95.31,10,3.5
2016,7,15,5,51,25.7,26.44,93.36,41,3.2
2016,7,15,16,8,6.5,15.52,93.84,37,3.9
2016,7,17,3,55,2,21.64,72.49,7,4.2
2016,7,17,11,53,55.5,31.15,74.22,30,4.4
2016,7,18,22,41,15.8,36.6,70.46,200,3.8
2016,7,19,3,19,17.7,36.95,71.61,322,4.1
2016,7,19,20,35,1.6,35.62,69.89,115,3.5
2016,7,20,3,23,44.9,22.97,93.99,168,4.4
2016,7,21,14,42,8.3,31.36,77.6,8,3.4
2016,7,21,21,54,0.2,37.26,72.3,297,3.8
2016,7,24,15,33,7.5,12.81,93.22,66,4.2
2016,7,25,3,44,54.2,36.57,71.14,280,4.3
2016,7,25,6,36,17.2,36.65,70.42,200,4.2
2016,7,26,6,6,47,26.49,92.36,34,3.8
2016,7,27,4,20,32.5,21.68,94.22,120,5.1
2016,7,27,16,54,28.1,24.73,94.27,27,4
2016,7,27,23,40,54,28.42,87.63,10,3.4
2016,7,30,11,58,49,29.69,94.72,33,4.4
2016,7,30,20,36,59.5,24.71,94.31,10,3.5
2016,8,1,10,1,10.5,21.35,94.61,123,5.3
2016,8,1,13,38,33.5,31.33,77.55,10,3.9
2016,8,1,22,21,43.9,36.54,71.36,230,3.8
2016,8,2,1,23,54.4,34.19,72.04,33,4.3
2016,8,2,2,24,36.5,24.54,94.43,101,3.7
2016,8,3,9,38,9.8,36.25,69.97,115,4.2
2016,8,3,18,31,22.2,28.58,95.58,19,3.4
2016,8,4,2,20,2.7,35.37,68.59,10,4.8
2016,8,4,17,20,40.2,36.44,70.61,268,4
2016,8,4,21,34,49.2,37.89,72.22,143,4.6
2016,8,8,11,58,4.5,36.15,70.82,253,4
2016,8,11,10,52,30.7,7.51,92.73,15,3.6
2016,8,11,10,55,17,8.22,93.03,15,4.5
2016,8,11,11,44,7.9,36.38,70.92,200,4.7
2016,8,11,13,50,53.9,37.55,72.03,242,4.9
2016,8,11,21,26,50.5,25.65,90.84,8,3.3
2016,8,12,0,46,28.7,34.39,86.27,10,4.4
2016,8,12,12,23,17.6,35.29,81.1,33,3.6
2016,8,13,9,46,15.6,36.81,71.19,248,4.1
2016,8,14,5,8,11.3,29.13,76.89,10,3.4
2016,8,14,21,38,17.2,36.48,71.02,251,4.2
2016,8,15,8,57,9.6,22.61,94.49,118,4.6
2016,8,16,22,35,28.2,36.56,70.53,152,4.4
2016,8,17,13,54,47.2,31.97,77.98,20,3.5
2016,8,18,18,23,58.7,12.01,93.79,97,3.6
2016,8,18,20,5,53.2,30.96,78.14,10,3.5
2016,8,19,10,45,56.9,22.57,95.96,33,3.2
2016,8,19,19,5,33.5,27.56,92.8,10,3.8
2016,8,19,20,1,22.5,37.22,71.96,285,4.3
2016,8,20,21,24,28.2,25.65,93.22,10,3.3
2016,8,21,9,4,15.5,24.86,94.14,53,3.3
2016,8,22,5,28,27.2,25.58,93.55,9,3.2
2016,8,22,9,20,10.1,28.11,76.13,30,3.8
2016,8,22,11,1,12.1,36.46,71.32,289,3.8
2016,8,22,23,5,34,36.44,71.07,232,3.6
2016,8,23,0,0,48.5,25.6,93.21,10,3.1
2016,8,23,2,11,14,23.85,94.39,106,5.4
2016,8,23,22,37,8.3,35.45,69.33,171,4
2016,8,24,10,34,57.5,20.95,94.27,88,6.7
2016,8,24,10,57,17.2,20.88,94.45,90,4
2016,8,25,0,34,4.5,29.8,80.38,12,3
2016,8,26,11,21,26.7,24.26,94.44,105,3.4
2016,8,26,18,20,43.5,9.09,94.47,10,4.4
2016,8,26,18,39,3.7,31.34,73.41,36,3.7
2016,8,27,1,14,32.5,31.35,77.61,7,4.5
2016,8,27,1,23,50,31.42,77.61,10,3.2
2016,8,27,1,35,9,31.34,77.57,10,4.3
2016,8,27,3,38,15.5,31.32,77.54,10,3.9
2016,8,27,7,7,20.2,31.46,77.59,10,3.5
2016,8,27,7,8,46,31.5,77.63,10,3.7
2016,8,27,15,4,44.9,23.93,93.71,77,3.7
2016,8,28,4,50,30.2,36.69,77.39,90,4
2016,8,28,9,18,48,32.79,76.29,10,3.9
2016,8,28,10,1,0.6,25.81,93.17,16,3.1
2016,8,28,12,54,48.9,28.15,88.55,129,3.3
2016,8,28,16,57,31.5,36.33,70.39,126,4.5
2016,8,28,19,41,11.1,25.69,90.84,10,3.6
2016,8,30,8,48,27.6,36.55,70.53,220,3.9
2016,8,30,20,15,39.5,36.52,70.68,291,4.1
2016,8,31,1,26,47.5,24.7,93.39,11,3.2
2016,8,31,9,25,7.4,34.18,86.09,10,4.4
2016,8,31,20,22,46.2,36.36,71.52,224,4
2016,9,2,6,12,45.9,35.99,70.12,90,4.5
2016,9,2,8,19,48.2,34.87,72.21,33,4.4
2016,9,2,14,30,56.5,28.93,94.93,25,4.7
2016,9,3,1,7,56.2,24.43,94.43,96,4
2016,9,3,11,41,14.1,26.53,92,10,3.6
2016,9,3,19,5,15.6,36.49,71.12,100,3.6
2016,9,3,21,38,50.5,27.36,97.29,20,4.1
2016,9,4,13,5,50.9,27.87,92.11,15,3.9
2016,9,4,22,28,40.2,13.62,92.69,5,4.1
2016,9,5,2,4,15.1,27.75,86.25,10,4.1
2016,9,5,4,50,9.8,35.01,72.53,30,4.7
2016,9,5,7,52,35.7,27.18,94.54,10,3.6
2016,9,7,22,21,15.8,28.35,95.01,10,4.1
2016,9,8,20,46,48.9,26.68,89.41,10,3.5
2016,9,9,9,10,49.7,30.05,82.89,20,4.2
2016,9,9,11,3,8.1,36.24,70.28,120,4.3
2016,9,10,0,46,21.2,29.59,82.53,30,4.6
2016,9,10,15,27,25.5,28.59,76.63,10,4.6
2016,9,11,5,7,41.2,9.07,93.51,80,4.2
2016,9,11,7,6,57.5,36.48,70.27,200,4.5
2016,9,11,8,0,37.9,17.7,73.68,10,3.3
2016,9,11,21,46,6.5,26.95,92.45,10,4.3
2016,9,12,5,14,9.8,35.69,70.81,35,4.6
2016,9,12,18,20,48.5,36.53,70.65,150,4.1
2016,9,13,11,59,51.5,10.89,91.51,35,4.7
2016,9,14,11,26,48.5,36.67,70.84,225,4.3
2016,9,15,2,30,43.4,9.93,91.46,10,4.7
2016,9,17,2,46,24.1,24.44,93.82,50,4.1
2016,9,17,11,17,56,27.13,90.02,10,4.5
2016,9,18,5,28,58,26.92,93.64,10,4.2
2016,9,18,14,34,40.5,26.76,88.43,10,3.1
2016,9,18,17,14,16.2,27.76,85.72,5,4.3
2016,9,18,23,39,7.5,7.98,92.12,38,3.4
2016,9,19,12,57,36.5,10.51,92.83,33,3.7
2016,9,20,4,26,15.6,32.03,97.27,10,4.2
2016,9,20,9,42,29.2,37.58,71.73,130,5
2016,9,20,21,59,21.2,26.73,92.57,34,3.9
2016,9,22,13,23,44,24.99,95.54,23,5.2
2016,9,22,20,24,25.7,25.94,68.03,10,4.7
2016,9,23,22,27,18.5,7.96,94.28,30,4.7
2016,9,24,12,28,46.4,36.62,70.44,200,4.2
2016,9,24,18,0,5.5,25.8,94.89,90,3.6
2016,9,25,20,43,59.7,23.61,69.91,15,3.7
2016,9,25,21,41,35.9,30.53,78.98,10,3.9
2016,9,26,0,13,38,36.48,70.61,200,4
2016,9,26,19,4,17,8.3,94.25,10,4.1
2016,9,27,5,11,35.7,37.74,72.62,200,4.3
2016,9,27,5,12,30,37.16,72.38,100,4.5
2016,10,1,8,4,32.7,35.1,73.44,10,5
2016,10,1,11,35,59.4,30.9,88.59,10,4.1
2016,10,1,19,26,36.7,37.4,71.9,156,4.8
2016,10,3,21,16,1.7,24.78,94.7,112,3.6
2016,10,4,14,19,17.6,34.05,75.53,33,3.7
2016,10,5,8,59,30.6,36.53,70.22,100,4.5
2016,10,5,20,3,19.6,34.34,68.9,33,4
2016,10,5,23,44,47.7,36.85,71.57,231,4.4
2016,10,6,14,47,56.5,26.39,92.99,32,4
2016,10,6,23,15,9.1,34.76,69.44,158,4.4
2016,10,7,4,52,31.6,27.67,86.29,10,3.7
2016,10,8,8,10,4.4,28.93,78.11,10,3
2016,10,10,1,58,1.7,36.65,70.92,268,4.1
2016,10,10,6,52,40.5,27.84,87.37,12,4.3
2016,10,11,7,30,13.6,25.34,94.92,104,4.5
2016,10,11,17,41,12.1,25.22,95.35,15,4.5
2016,10,13,6,14,27,27.01,92.02,10,3.2
2016,10,14,2,1,19.7,29.95,80.25,14,3.4
2016,10,14,2,2,55.2,29.99,80.17,4,3.4
2016,10,14,4,51,28.2,32.97,75.92,10,3.7
2016,10,14,10,34,34.5,25.37,91.79,10,3.9
2016,10,14,17,23,19.7,36.72,71.54,277,4.1
2016,10,15,16,54,18.7,37.21,72.24,163,4.3
2016,10,15,17,17,28.2,36.81,71.55,247,4.2
2016,10,16,1,46,43.2,37.88,72.1,100,4.1
2016,10,16,14,19,18.5,36.52,71.06,184,4.1
2016,10,17,0,30,46.7,29.69,80.39,4,3.6
2016,10,17,0,37,7.3,36.87,70.52,195,5
2016,10,17,1,56,24.2,36.72,70.7,263,4.4
2016,10,17,5,40,0.5,36.97,71.52,230,4.5
2016,10,17,7,14,51.4,32.87,94.56,33,5.9
2016,10,18,21,31,31.7,22.63,92.6,10,3.1
2016,10,19,7,20,47,24.84,91.08,14,4.4
2016,10,19,23,57,16.7,33,94.79,10,4.3
2016,10,20,0,40,5,36.02,71.65,100,5.1
2016,10,20,4,53,48.9,30.85,69.6,10,4.7
2016,10,21,13,4,56.7,24.88,91.08,10,3.8
2016,10,21,23,31,21.1,37.71,71.79,182,4.7
2016,10,22,6,0,19.2,24.79,94.08,36,3.9
2016,10,23,0,28,51.9,34.74,72.42,33,3.1
2016,10,23,10,3,25.7,36.56,70.78,225,4.4
2016,10,23,15,56,40,25.81,90.25,7,4.7
2016,10,24,0,56,25.6,36.9,71.82,100,3.7
2016,10,24,6,31,32.5,37.38,72.23,251,4.4
2016,10,24,10,51,54.7,34.31,72.11,10,4.2
2016,10,25,4,16,34.4,36.4,70.79,207,4.4
2016,10,25,22,0,39,7.88,91.95,41,4.7
2016,10,26,2,22,0.8,22.95,94.31,100,4.8
2016,10,26,6,29,7.3,23.23,92.78,11,5
2016,10,27,8,50,11.3,29.85,80.15,32,3.3
2016,10,29,17,47,12.6,21.79,93.55,30,3.9
2016,10,30,23,57,12.3,36.3,71.11,200,4.2
2016,10,31,22,55,3.5,26.27,95.06,69,3.4
2016,11,3,4,6,57.5,23.45,70.15,17,3.3
2016,11,6,1,44,24.7,35.78,68.8,100,4.3
2016,11,8,0,14,45,36.87,70.78,200,4
2016,11,8,0,37,24.5,26.54,93.01,53,3.6
2016,11,11,8,25,4.5,26.51,92.57,40,3.5
2016,11,11,11,23,45.2,36.61,77.39,100,4.2
2016,11,11,16,20,11.3,7.19,91.9,30,3.5
2016,11,11,19,34,46,37.74,69.2,50,3.6
2016,11,13,21,22,24.6,10.45,93.67,10,3.9
2016,11,14,13,14,51.7,37.39,71.56,100,4.9
2016,11,15,2,10,22.2,24.67,92.38,28,4.7
2016,11,15,14,27,16.7,24.6,93.66,38,3.2
2016,11,15,16,2,49.2,36.71,70.57,200,5.6
2016,11,15,17,3,50.4,37.65,72,200,3.9
2016,11,16,5,7,45.7,31.43,75.78,10,3.7
2016,11,16,22,59,24.2,27.75,76.56,10,4.5
2016,11,17,4,10,39.9,26.41,93.34,30,3.4
2016,11,17,19,33,19.7,36.97,70.67,10,3.9
2016,11,17,21,45,51,32.59,96.57,10,4.6
2016,11,18,6,54,33.4,36.7,71.22,90,4.7
2016,11,21,0,15,37.5,36.38,70.12,200,4.5
2016,11,21,18,9,18,27.99,91.74,5,4
2016,11,22,3,50,52.2,37.1,71.51,100,4.8
2016,11,22,6,26,20.7,36.51,70.92,260,4.1
2016,11,22,13,12,44.7,36.26,69.76,200,3.8
2016,11,23,2,31,1.7,30.46,78.1,10,3.4
2016,11,23,17,2,51.7,26.45,93.31,38,3.3
2016,11,23,19,57,53.7,24.69,94.7,24,3.3
2016,11,24,2,6,31.6,24.79,94.5,85,3.4
2016,11,24,14,16,38.2,33.52,72.4,10,4.3
2016,11,24,19,27,25.7,17.25,73.83,10,4.3
2016,11,25,11,17,7.3,13,92.97,10,4.6
2016,11,25,19,37,54.2,7.18,92.47,10,4.5
2016,11,27,10,21,6.5,36.8,70.58,70,4.1
2016,11,27,23,35,22.5,27.66,86.47,10,5.4
2016,11,30,22,42,53.5,31.17,77.55,10,3.4
2016,12,1,6,46,26.6,36.88,70.59,187,5
2016,12,1,16,52,48.7,29.82,80.57,13,5.2
2016,12,1,19,41,18,27.51,88.78,5,3.3
2016,12,1,22,3,4.8,25.02,94.6,17,3.5
2016,12,2,22,50,34.5,33.26,75.67,5,3.2
2016,12,3,19,42,17.2,11.06,91.76,33,4.7
2016,12,5,1,47,28.6,36.53,70.33,150,3.9
2016,12,5,5,25,57.7,23.82,94.46,124,3.9
2016,12,6,18,13,25.5,36.04,71.67,409,4.4
2016,12,7,5,21,25.7,23.4,70.5,15,3.3
2016,12,8,0,7,31,36.5,71.06,98,5.1
2016,12,8,7,46,22.7,23.45,94.62,10,4
2016,12,8,9,32,54.5,24.58,94.87,112,3.8
2016,12,8,9,41,25,23.84,93.88,94,3.4
2016,12,8,10,1,54,34.35,68.61,15,4.8
2016,12,8,14,34,52,33.9,69.08,10,4.4
2016,12,9,17,53,16.7,36.56,70.51,255,3.9
2016,12,11,1,57,27.2,25.73,91.9,5,3.9
2016,12,11,11,6,17.7,29.18,77.9,10,3.1
2016,12,11,19,43,11,25.32,91.07,33,3.6
2016,12,12,2,21,39.4,30.93,78.02,5,3.2
2016,12,12,7,48,55.9,26.34,93.34,35,3.3
2016,12,13,22,41,38.2,30.95,77.99,10,3.5
2016,12,15,3,44,13.3,22.84,94.17,119,4.6
2016,12,15,9,55,9.6,36.69,70.9,260,5.3
2016,12,17,3,50,1.2,36.51,70.56,200,4.5
2016,12,17,17,25,55.4,34.32,73.86,10,4.5
2016,12,18,2,16,8.5,29.36,94.87,33,3.6
2016,12,19,4,31,56.7,30.89,77.96,10,3.2
2016,12,19,17,14,0.6,24.87,94.28,92,3.1
2016,12,20,7,1,18.5,26.29,93.23,34,3.7
2016,12,20,21,32,46,36.37,71.28,233,3.6
2016,12,21,21,53,27.2,25.18,93.95,11,3.6
2016,12,23,4,56,13.8,12.23,92.31,17,4.1
2016,12,25,7,58,48,36.66,70.63,250,3.8
2016,12,26,8,45,47.7,30.89,77.95,10,3.2
2016,12,26,16,17,14.8,25.73,74.24,10,3.3
2016,12,26,17,25,42.9,22.73,94.52,90,4.6
2016,12,26,22,26,52.4,31.6,77.25,10,3.2
2016,12,27,7,17,12.3,34.67,73.51,33,4.3
2016,12,27,10,50,16.6,13.15,93.3,6,3.9
2016,12,27,21,21,50.5,13.25,92.15,10,4.4
2016,12,28,14,25,46,36.05,69.68,262,4.8
2016,12,29,22,46,24.2,36.63,71.36,262,4.2
2017,1,3,18,49,51,23.4,94,10,5.4
2017,1,3,9,9,3,24.1,91.9,28,5.7
2017,1,4,13,40,32,24,92,15,3.4
2017,1,5,5,56,52,25.1,95,123,4.3
2017,1,6,15,3,52,24.1,91.9,55,3.9
2017,1,8,4,28,16,25.2,94.4,20,3.3
2017,1,10,15,27,41,30.3,79.4,5,3.2
2017,1,11,13,21,14,28.3,94.1,10,3.3
2017,1,12,9,32,7,26.5,95.4,75,4.7
2017,1,17,15,22,16,27.6,88.6,10,3.6
2017,1,18,3,3,17,24.5,94.8,22,4.2
2017,1,18,1,46,10,23.9,93,27,3.7
2017,1,23,9,33,5,30.8,78.2,10,3.5
2017,1,24,18,14,29,25.5,94.6,50,3.1
2017,1,24,12,25,38,25.6,91.7,15,3.4
2017,1,27,7,40,55,36.4,71.5,10,5.2
2017,1,29,9,9,4,24.8,92.8,10,3.2
2017,1,31,5,28,42,26.4,93.5,22,3.2
2017,2,3,13,35,48,30.5,79.2,10,3.6
2017,2,4,7,5,17,32.6,76.6,10,3.5
2017,2,5,12,54,59,27.9,93.8,10,3.8
2017,2,6,20,21,45,30.6,79,10,3.6
2017,2,6,17,3,8,30.5,79.1,33,5.8
2017,2,7,22,3,54,25.2,63.4,10,6.2
2017,2,8,8,14,28,26.9,92.9,15,3.6
2017,2,11,18,12,51,23.9,91.8,10,3.5
2017,2,11,17,21,13,30.5,79.1,5,3.2
2017,2,12,4,5,30,25.6,90.8,10,4.5
2017,2,16,15,13,10,26.2,92.8,20,3.6
2017,2,18,18,53,42,26.6,93,30,3.4
2017,2,23,21,39,16,27.3,88.1,150,3.5
2017,2,23,20,16,7,23.7,94.5,82,3.4
2017,2,24,21,0,44,28.7,96,36,3.2
2017,2,24,12,2,49,24.1,93.4,20,5.2
2017,2,25,7,2,19,24.1,92.1,33,4
2017,2,25,0,0,44,28.7,96,10,3.5
2017,2,27,4,21,45,27.3,85.9,10,4.7
2017,2,27,3,37,47,27.3,85.9,10,5
2017,3,1,20,9,31,32.3,76.6,10,3.8
2017,3,3,23,38,13,24.3,94.2,70,3.5
2017,3,4,6,50,44,5.5,90.9,10,3.3
2017,3,4,2,11,52,25.2,94.6,70,5
2017,3,6,2,44,16,35.7,74,50,4.8
2017,3,7,9,59,16,26.8,90.5,30,4.1
2017,3,9,8,39,56,32.5,76.6,5,3.5
2017,3,9,6,18,25,35.9,71.7,160,5
2017,3,9,2,55,15,25,94.2,36,4.1
2017,3,10,12,39,33,8.5,91.9,10,4.7
2017,3,13,10,22,17,24.6,72.1,10,4.5
2017,3,14,2,51,19,6.4,92.2,10,5.9
2017,3,14,0,18,1,32.7,75.6,10,3.6
2017,3,17,14,1,49,11.5,92.7,60,4.9
2017,3,19,8,57,9,9.9,94,10,4.7
2017,3,21,15,40,44,24.9,92.1,37,3.9
2017,3,25,2,5,55,25,95.1,82,5
2017,3,26,21,42,9,27.3,88.6,10,4.6
2017,3,28,10,18,49,26.5,93.5,10,3
2017,3,29,19,14,33,26.1,91.3,18,3.5
2017,3,30,3,40,23,26.5,93,24,3.5
2017,4,5,16,44,34,14.5,92.9,10,5
2017,4,7,10,32,58,30.4,79.1,10,4
2017,4,10,8,50,34,30.7,78.6,10,3.8
2017,4,10,5,24,31,27,95.6,10,3.2
2017,4,12,17,34,33,23.9,93.9,10,3.2
2017,4,13,19,44,1,24.6,93.3,10,3
2017,4,15,22,35,14,26,91,10,3.5
2017,4,16,23,9,53,30.5,79.1,10,3.5
2017,4,16,8,8,2,26.1,91.4,24,3.3
2017,4,18,14,1,32,25.1,91.5,10,4.3
2017,4,18,5,11,56,33.8,76.6,33,5
2017,4,18,2,11,24,31.6,77.9,5,3.8
2017,4,18,2,6,17,12.6,77.4,33,3.4
2017,4,23,1,39,24,31.6,77.9,5,3.8
2017,4,24,10,53,46,23.4,94.1,70,4.3
2017,4,25,16,14,53,25.6,90.6,10,4.3
2017,4,29,23,23,57,24.1,93.5,55,3.4
2017,5,1,6,50,57,13.8,93.1,10,4.7
2017,5,2,17,47,33,27.6,96.3,10,3.3
2017,5,2,17,43,50,27.5,96.2,10,3.4
2017,5,2,9,51,40,32.9,75.5,19,3.6
2017,5,3,0,12,33,24.7,94.5,10,3.4
2017,5,5,17,58,35,13.9,92.7,10,5
2017,5,6,17,57,11,36.4,75.3,10,4.2
2017,5,6,14,48,50,23.8,93.8,65,4.7
2017,5,9,3,26,54,26.6,93.2,28,3.4
2017,5,9,1,53,55,26.3,92.7,25,3.7
2017,5,16,22,13,19,27.3,88.2,10,4
2017,5,16,14,4,41,11.4,94.8,10,4.4
2017,5,17,17,45,50,13,93.9,10,5
2017,5,18,8,43,42,24.9,94.5,75,4
2017,5,19,0,2,29,32.8,76.3,5,4.5
2017,5,20,5,48,43,32.8,76.2,5,4.1
2017,5,20,3,41,46,32.8,76.2,10,3.6
2017,5,21,21,23,47,28.1,95.1,30,3.3
2017,5,21,17,38,36,13.6,94,10,4.6
2017,5,21,4,27,7,32.5,76.8,10,3.5
2017,5,22,19,41,43,33.9,75.8,5,3.3
2017,5,24,13,54,54,23.9,94.3,95,3.7
2017,5,26,14,17,49,24.4,94,70,3.8
2017,5,29,15,19,25,33.4,73.9,10,3.5
2017,5,29,14,43,17,26.7,88.8,30,3.7
2017,5,29,13,53,27,32.9,75.5,10,4.4
2017,5,30,22,25,8,12.2,92.6,107,4.6
2017,6,1,22,55,56,28.8,76.7,22,5
2017,6,1,12,13,47,25.5,93.9,10,3.2
2017,6,2,2,43,15,28.8,76.7,22,3.2
2017,6,3,18,14,52,17.1,73.8,10,4.8
2017,6,3,2,42,59,17.1,73.8,10,4.8
2017,6,5,16,40,7,24,92.1,96,3
2017,6,8,22,19,21,32.7,74.7,10,3.2
2017,6,9,17,38,23,27.8,95.7,91,3.2
2017,6,12,9,11,21,30.7,78.4,10,3
2017,6,14,17,56,17,32.9,76.5,5,3.1
2017,6,15,1,14,29,24.1,93.4,10,3
2017,6,16,5,14,18,27,94.4,31,3.1
2017,6,16,5,14,18,27,94.4,31,3.1
2017,6,18,22,35,44,24.7,93.9,10,4.4
2017,6,20,4,31,58,27.1,92.5,10,3.5
2017,6,21,20,51,17,17,73.7,10,3.3
2017,6,21,18,36,11,25.7,87.1,50,4.5
2017,6,24,20,17,1,24.4,94.2,82,3.5
2017,6,27,15,16,54,24.2,93.6,10,3
2017,6,27,14,2,55,25.1,93.9,10,3
2017,7,1,7,1,15,23.8,94.4,81,5
2017,7,2,5,27,44,24.3,94.4,80,4.9
2017,7,2,4,44,49,26.5,90,10,3.1
2017,7,2,1,58,28,27.4,86.5,10,4.9
2017,7,4,10,5,47,27,92.1,10,3.5
2017,7,5,9,37,23,25.9,90.3,10,3.3
2017,7,8,18,8,37,27.5,92.5,15,3.2
2017,7,8,11,21,1,27.3,88.5,10,3
2017,7,8,10,12,31,34.6,73.5,10,5.2
2017,7,9,7,59,49,29.2,95.5,10,4.8
2017,7,10,23,28,30,27.1,93.8,10,3.1
2017,7,10,21,38,59,30.4,79.2,70,3.8
2017,7,13,5,3,33,23.6,94.2,90,4.8
2017,7,15,16,35,31,28.8,81.5,81,4.5
2017,7,15,2,25,35,30.6,77.7,10,3.3
2017,7,17,20,20,26,24.9,95,113,4
2017,7,17,13,24,41,24.3,91.7,10,3.5
2017,7,17,9,47,26,26.8,89.2,10,3.4
2017,7,18,23,11,55,25,94.2,10,3.2
2017,7,18,17,5,17,24.7,94.1,10,3.4
2017,7,19,13,48,14,33.1,76.4,5,3.4
2017,7,21,0,23,38,24,92.1,20,3.9
2017,7,22,20,6,48,25.2,94.5,80,3.6
2017,7,23,21,43,45,26.9,95.8,108,3.5
2017,7,25,18,28,0,26.3,93.1,28,3.2
2017,7,29,22,1,25,24.1,93.6,30,3.3
2017,7,31,0,57,22,26.9,92.3,10,4
2017,8,2,18,18,8,24.4,93.4,65,5.4
2017,8,5,12,24,56,26.8,92.2,10,3.3
2017,8,6,3,48,32,6.3,94.9,10,4.9
2017,8,7,11,25,7,26.3,91.7,10,3.4
2017,8,8,0,35,37,24.4,93.5,35,4.3
2017,8,11,3,34,53,13.8,92.9,10,5
2017,8,11,2,39,50,27.3,96.6,60,4.1
2017,8,16,6,35,23,19.5,77.2,10,3
2017,8,16,3,26,48,32.7,76.3,10,4.1
2017,8,16,3,23,14,32.7,76.4,10,3.5
2017,8,17,7,38,32,25.9,94.4,24,4.4
2017,8,17,3,52,32,26.6,95.4,60,3.8
2017,8,19,16,52,32,17.3,73.7,10,4.5
2017,8,22,15,22,7,30.5,79.9,10,4.2
2017,8,22,0,50,39,29.2,81.1,10,4.5
2017,8,23,20,58,35,36,74.3,90,5
2017,8,27,8,5,9,17.1,73.9,5,3.3
2017,8,27,4,5,58,24.9,94.1,30,3.2
2017,8,31,17,57,26,26.6,92.7,10,3.4
2017,9,1,3,11,31,26,94.5,13,3
2017,9,2,21,4,23,24.9,93.9,26,3.4
2017,9,3,6,52,11,9.2,93,10,5
2017,9,5,18,6,36,8.2,93.4,10,4.7
2017,9,6,0,10,52,10,93.6,10,5.2
2017,9,7,14,32,0,25.2,90,10,4.4
2017,9,7,11,10,19,36.9,71.7,65,5
2017,9,9,14,18,59,27.9,96.3,10,3.2
2017,9,11,16,44,50,11,94.1,10,4.3
2017,9,14,3,40,34,24.4,93.9,40,3.2
2017,9,15,22,37,44,12.2,93.1,10,4.5
2017,9,17,14,48,23,13.6,91.8,10,4.4
2017,9,20,16,37,24,38,144.6,10,6.2
2017,9,21,22,35,56,24.3,93.6,38,3.1
2017,9,21,16,34,36,25,94.6,74,4
2017,9,23,0,14,13,34,74.7,150,4.5
2017,9,24,11,6,50,32.8,76.2,5,3.6
2017,9,24,8,37,14,24.7,94.4,75,3
2017,9,25,10,42,38,24.4,94.1,10,3.3
2017,9,27,12,18,21,26.5,92.8,31,3
2017,9,28,23,27,19,23.7,92.9,17,3.3
2017,10,1,14,35,32,13,92,10,4.5
2017,10,1,12,49,1,13,92,10,4.7
2017,10,1,12,18,17,28.6,96.1,147,4.5
2017,10,2,23,31,38,12.9,91.9,10,4.5
2017,10,2,11,2,29,32.5,76.7,5,3.1
2017,10,3,13,48,34,25.1,94.5,66,4.2
2017,10,4,21,29,8,26.8,89.3,10,3.7
2017,10,5,10,25,38,26.8,95.5,66,3.9
2017,10,6,14,0,29,12.3,95.2,10,4.9
2017,10,6,4,36,44,27.8,96,10,4.2
2017,10,6,2,10,20,27.7,96,10,3.7
2017,10,9,19,32,39,12.6,91.9,10,4.3
2017,10,11,6,2,52,19.8,84.1,10,3.2
2017,10,19,1,10,22,33.5,76.1,10,4.7
2017,10,19,0,54,20,33.6,75.3,10,3.3
2017,10,23,14,23,36,6.3,92.9,30,4.5
2017,10,25,18,20,49,14.1,92.7,10,4.7
2017,10,27,8,54,20,32.5,76.4,10,3.7
2017,10,27,2,37,43,31.3,77.2,10,4.4
2017,10,28,17,45,24,36.2,70.5,100,5.7
2017,10,28,16,53,50,28.4,76.2,5,3.5
2017,10,31,6,53,7,18.1,76.6,10,3
2017,11,6,3,8,44,29.3,83.1,10,4.7
2017,11,7,19,45,39,26.5,92.6,31,3.6
2017,11,8,21,22,28,29.9,77.7,10,3.5
2017,11,8,4,50,52,24.1,91.2,33,4.8
2017,11,9,23,49,12,17.6,73.6,10,3.8
2017,11,12,19,32,10,27.1,92.7,5,3.2
2017,11,12,5,15,43,29.1,79.2,27,3.6
2017,11,13,9,42,2,36,70,82,5.4
2017,11,14,18,5,53,24.7,94.3,102,3
2017,11,17,22,34,14,30.1,95.1,10,6.4
2017,11,18,13,2,11,29.9,80.2,20,3.3
2017,11,18,9,51,19,26.4,73.8,10,4.2
2017,11,20,8,48,0,23.7,94.5,82,5
2017,11,22,22,31,11,24.6,93.8,21,3.1
2017,11,30,11,45,11,30.4,76,10,3.8
2017,12,2,23,43,44,27.4,88.3,3,3.8
2017,12,2,20,25,6,25.2,93.3,10,3.1
2017,12,5,14,58,33,22.7,86.1,39,3
2017,12,6,23,29,7,35.5,77.6,35,5.4
2017,12,6,19,39,31,17.6,73.3,15,3.2
2017,12,6,15,19,54,30.4,79.1,30,5.5
2017,12,8,17,55,52,25.6,91.6,10,3
2017,12,8,2,51,13,27.8,85.5,10,5
2017,12,9,10,43,7,33.3,76.8,10,4.7
2017,12,10,22,58,54,34.3,78.8,33,4.5
2017,12,11,16,49,54,12.3,93.7,116,4.6
2017,12,11,3,35,17,25.6,90.6,60,4.7
2017,12,15,21,25,19,26.4,93.7,30,3.3
2017,12,17,6,20,40,27.6,94.3,10,4.2
2017,12,21,18,47,11,27.4,92.5,10,3.9
2017,12,22,15,58,47,10,93.1,10,5
2017,12,23,15,45,1,23.5,94.1,126,4.9
2017,12,25,4,14,21,19.8,73.2,5,3.4
2017,12,27,15,15,52,9,77.2,5,3
2017,12,28,11,17,28,30.4,79.2,33,4.7
2017,12,29,16,19,15,26.8,95.9,110,4.7
2017,12,29,11,29,38,8.6,92.4,10,5.2
2017,12,30,18,32,7,25.5,91,10,3
2017,12,31,0,31,18,27.3,92.7,10,3.2
2018,1,1,20,51,48,19.8,73.1,10,3.2
2018,1,1,16,1,1,26.8,92.3,30,3
2018,1,1,1,3,17,24.8,94,32,3.2
2018,1,4,19,57,40,6.6,95.2,198,4.8
2018,1,5,20,23,7,26,92.3,10,3.4
2018,1,5,7,11,4,26.1,92.1,20,4
2018,1,6,9,1,58,26.3,92.8,30,3.2
2018,1,7,6,47,16,24.7,94.7,35,6
2018,1,9,19,20,23,25.7,90.4,10,3.2
2018,1,9,12,55,34,32.1,75.7,10,3
2018,1,11,18,26,25,18.4,94,10,6.2
2018,1,14,15,48,8,12.2,92.3,10,4.8
2018,1,14,9,19,28,36.5,70.7,196,5.5
2018,1,16,7,35,34,17.3,73.9,23,3.7
2018,1,20,10,6,49,24,94.3,80,4.2
2018,1,20,1,14,31,26.3,89.8,10,5.2
2018,1,21,6,6,48,17.3,73.8,10,3.6
2018,1,23,13,2,10,21,70.6,10,3.6
2018,1,25,3,48,28,8.3,91.7,10,5
2018,1,28,21,2,55,25.9,90.3,10,3.4
2018,1,31,7,6,32,37.4,69.6,190,6.2
2018,1,31,7,6,32,37.4,69.6,190,6.2
2018,2,2,1,41,57,17.3,73.9,10,3.4
2018,2,4,19,40,44,24.3,93.2,10,3.2
2018,2,11,21,40,31,30.8,78.1,10,3.2
2018,2,13,2,39,48,12.3,93,10,5.6
2018,2,14,18,43,9,27.3,92.5,10,3.3
2018,2,20,8,12,14,22.8,93.1,10,4.2
2018,2,20,7,11,39,33.1,75.6,5,3.3
2018,2,23,11,56,25,6.1,92.6,35,4.7
2018,2,24,9,42,39,26.2,92.9,25,3.3
2018,2,25,9,54,18,26.8,92.7,18,3.3
2018,2,26,8,42,24,27.2,92.4,10,3.2
2018,3,3,1,31,31,24,93.5,50,3.7
2018,3,5,20,13,41,17.3,73.8,10,3.2
2018,3,5,20,41,46,26.5,93.4,10,3.5
2018,3,6,4,39,57,6.8,93.5,10,4.8
2018,3,10,3,21,28,35.7,76.1,10,4.5
2018,3,15,17,7,23,25.2,93.7,13,3.5
2018,3,15,14,53,21,33.2,76.1,10,3.4
2018,3,15,2,26,4,24.5,93.4,27,4.6
2018,3,21,22,58,25,26.3,89.6,20,3.9
2018,3,24,22,17,48,36.4,70.7,172,5.1
2018,3,28,22,33,17,23.2,70.8,30,4.6
2018,4,1,15,11,51,29.7,80.1,17,3.5
2018,4,4,15,21,30,25,94.5,77,4.4
2018,4,10,14,14,20,24.2,82.6,10,4.6
2018,4,16,6,8,13,8.4,91.4,10,4.5
2018,4,21,11,26,35,21.5,73.2,10,3.5
2018,4,21,7,10,59,24.6,93.1,25,3.4
2018,4,23,18,1,39,13.2,92.4,45,4.8
2018,4,24,18,46,51,28.8,76.9,7,3
2018,4,24,4,8,37,23.1,94.4,90,5.5
2018,4,26,20,54,22,25.4,88.8,32,4.2
2018,4,27,20,33,35,29.2,76.8,5,3.5
2018,5,9,10,41,34,36.9,71.3,96,6.1
2018,5,10,14,8,34,36.5,71,170,5.4
2018,5,11,2,11,51,25.2,92.6,5,3.7
2018,5,12,3,57,38,32.3,76.6,5,3
2018,5,13,18,45,51,6.9,94.5,10,4.7
2018,5,13,18,20,45,7,94,10,4.9
2018,5,15,1,17,32,26.5,93.2,27,3.2
2018,5,21,10,51,5,31.6,78.4,5,4.1
2018,5,22,12,35,0,31.1,77.8,10,3.6
2018,5,24,21,5,22,31.8,78.4,10,3.6
2018,5,24,14,25,16,29.7,80.7,12,3.6
2018,5,25,20,25,43,26.5,93.6,25,3.2
2018,5,25,17,41,34,10,93.9,10,4.8
2018,5,25,7,22,50,31.6,78.2,10,3.5
2018,5,28,1,59,43,8.6,94.3,10,5
2018,6,1,1,55,33,36.5,71,80,5
2018,6,2,5,46,11,27.2,96.8,30,5.3
2018,6,5,23,12,32,23.8,94.3,84,5
2018,6,5,1,34,37,29.4,81.6,10,4.7
2018,6,6,18,16,0,35.3,78.5,30,5.1
2018,6,6,17,41,28,30.6,78.8,15,4.4
2018,6,7,6,51,26,34.4,78,35,4.4
2018,6,11,4,53,49,26.2,92.5,10,5.1
2018,6,14,13,28,54,35.4,73.6,180,5
2018,6,14,10,15,50,32.5,76.1,5,4.5
2018,6,14,0,42,8,30.8,78.2,10,4
2018,6,16,22,6,35,31.4,77.7,5,3.2
2018,6,17,15,7,35,27.5,88.4,28,4.7
2018,6,17,14,21,29,30,70.2,10,5.1
2018,6,18,23,45,3,35.8,78.6,10,4.5
2018,6,20,7,44,27,24.7,94.1,33,4.6
2018,6,20,4,15,22,27.3,88,10,4.3
2018,6,20,4,8,58,27.3,87.9,10,4.2
2018,6,21,20,29,22,7.4,94.6,10,5
2018,6,21,3,31,23,23.9,93.9,40,4
2018,6,22,21,7,23,32.9,76.1,5,3
2018,6,24,15,58,10,26,93.6,16,3.5
2018,6,24,11,7,49,23.8,94.5,40,4.4
2018,6,25,19,57,45,32.8,76,10,3.3
2018,6,26,12,16,1,27.3,88.6,10,3.9
2018,6,28,4,7,50,27.7,84.9,10,4.7
2018,7,1,10,7,3,28.9,77,5,4
2018,7,3,23,55,16,13.2,93.8,10,4.5
2018,7,4,20,34,53,14.7,96.4,10,5.2
2018,7,4,7,12,47,13.2,92.6,10,5.2
2018,7,6,11,14,24,29.1,77.2,10,3.5
2018,7,8,9,54,35,7.4,94.3,70,4.7
2018,7,8,4,13,22,27.3,75.9,10,4.3
2018,7,9,8,5,48,30.6,79.3,25,3.2
2018,7,9,7,22,17,12.5,75.6,10,3.4
